<!-- DigitalWatch - Channels File -->

<Bandwidth>7</>

<Network frequency=177500 name="Seven Network">
	<Program ProgramNumber=1328 name="7 Digital" LCN=7>
		<Stream PID= 769 type=1 active=1 />
		<Stream PID= 770 type=2 active=1 />
		<Stream PID= 772 type=4 active=1 />
	</Program>
	<Program ProgramNumber=1329 name="7 Digital" LCN=71>
		<Stream PID= 772 type=4 active=1 />
		<Stream PID= 770 type=2 active=1 />
		<Stream PID= 769 type=1 active=1 />
	</Program>
	<Program ProgramNumber=1330 name="7 Digital" LCN=72>
		<Stream PID= 772 type=4 active=1 />
		<Stream PID= 770 type=2 active=1 />
		<Stream PID= 769 type=1 active=1 />
	</Program>
	<Program ProgramNumber=1331 name="7 Digital" LCN=73>
		<Stream PID= 772 type=4 active=1 />
		<Stream PID= 770 type=2 active=1 />
		<Stream PID= 769 type=1 active=1 />
	</Program>
	<Program ProgramNumber=1332 name="7 HD Digital" LCN=70>
		<Stream PID= 772 type=4 active=1 />
		<Stream PID= 833 type=1 active=1 />
		<Stream PID= 834 type=2 active=1 />
		<Stream PID= 835 type=3 active=1 />
	</Program>
	<Program ProgramNumber=1334 name="7 Program Guide" LCN=77>
		<Stream PID= 865 type=1 active=1 />
		<Stream PID= 866 type=2 active=1 />
	</Program>
</Network>

<Network frequency=219500 name="Ten Network">
	<Program ProgramNumber=1585 name="TEN Digital" LCN=1>
		<Stream PID= 512 type=1 active=1 />
		<Stream PID= 650 type=2 active=1 />
		<Stream PID= 651 type=3 active=1 />
		<Stream PID= 576 type=4 active=1 />
	</Program>
	<Program ProgramNumber=1586 name="TEN Digital 1" LCN=13>
		<Stream PID= 512 type=1 active=1 />
		<Stream PID= 650 type=2 active=1 />
		<Stream PID= 651 type=3 active=1 />
		<Stream PID= 576 type=4 active=1 />
	</Program>
	<Program ProgramNumber=1587 name="TEN Digital 2" LCN=14>
		<Stream PID= 512 type=1 active=1 />
		<Stream PID= 650 type=2 active=1 />
		<Stream PID= 651 type=3 active=1 />
		<Stream PID= 576 type=4 active=1 />
	</Program>
	<Program ProgramNumber=1588 name="TEN Digital 3" LCN=15>
		<Stream PID= 512 type=1 active=1 />
		<Stream PID= 650 type=2 active=1 />
		<Stream PID= 651 type=3 active=1 />
		<Stream PID= 576 type=4 active=1 />
	</Program>
	<Program ProgramNumber=1589 name="TEN Digital" LCN=10>
		<Stream PID= 512 type=1 active=1 />
		<Stream PID= 650 type=2 active=1 />
		<Stream PID= 651 type=3 active=1 />
		<Stream PID= 576 type=4 active=1 />
	</Program>
	<Program ProgramNumber=1591 name="TEN Guide" LCN=11>
		<Stream PID= 513 type=1 active=1 />
		<Stream PID= 660 type=2 active=1 />
	</Program>
	<Program ProgramNumber=1592 name="TEN HD" LCN=12>
		<Stream PID= 514 type=1 active=1 />
		<Stream PID= 672 type=3 active=1 />
	</Program>
	<Program ProgramNumber=1593 name="TEN Guide" LCN=100>
		<Stream PID= 513 type=1 active=1 />
		<Stream PID= 660 type=2 active=1 />
	</Program>
</Network>

<Network frequency=191625 name="Nine Melbourne">
	<Program ProgramNumber=1072 name="Nine Digital" LCN=9>
		<Stream PID= 519 type=1 active=1 />
		<Stream PID= 720 type=2 active=1 />
		<Stream PID= 721 type=3 active=1 />
		<Stream PID= 583 type=4 active=1 />
		<Stream PID= 500 type=0 active=1 />
		<Stream PID= 900 type=0 active=1 />
		<Stream PID= 400 type=0 active=1 />
	</Program>
	<Program ProgramNumber=1073 name="Nine Digital HD" LCN=90>
		<Stream PID= 512 type=1 active=1 />
		<Stream PID= 650 type=3 active=1 />
		<Stream PID= 576 type=4 active=1 />
	</Program>
	<Program ProgramNumber=1074 name="Nine Guide" LCN=99>
		<Stream PID= 517 type=1 active=1 />
		<Stream PID= 700 type=2 active=1 />
	</Program>
</Network>

<Network frequency=226500 name="ABC Melbourne">
	<Program ProgramNumber=560 name="ABC HDTV" LCN=20>
		<Stream PID=2314 type=1 active=1 />
		<Stream PID=2315 type=3 active=1 />
		<Stream PID=2316 type=4 active=1 />
	</Program>
	<Program ProgramNumber=561 name="ABC TV Melbourne" LCN=2>
		<Stream PID= 512 type=1 active=1 />
		<Stream PID= 650 type=2 active=1 />
		<Stream PID= 660 type=3 active=1 />
		<Stream PID= 576 type=4 active=1 />
	</Program>
	<Program ProgramNumber=562 name="ABC2" LCN=21>
		<Stream PID=2309 type=1 active=1 />
		<Stream PID=2310 type=2 active=1 />
		<Stream PID=2313 type=4 active=1 />
	</Program>
	<Program ProgramNumber=563 name="ABC TV" LCN=22>
		<Stream PID= 512 type=1 active=1 />
		<Stream PID= 650 type=2 active=1 />
		<Stream PID= 576 type=4 active=1 />
	</Program>
	<Program ProgramNumber=566 name="ABC DiG Radio" LCN=200>
		<Stream PID=2317 type=2 active=1 />
	</Program>
	<Program ProgramNumber=567 name="ABC DiG Jazz" LCN=201>
		<Stream PID=2318 type=2 active=1 />
	</Program>
</Network>

<Network frequency=536625 name="SBS NETWORK">
	<Program ProgramNumber=784 name="SBS HD" LCN=30>
		<Stream PID= 102 type=1 active=1 />
		<Stream PID= 103 type=2 active=1 />
	</Program>
	<Program ProgramNumber=785 name="SBS Digital 1" LCN=3>
		<Stream PID= 161 type=1 active=1 />
		<Stream PID=  81 type=2 active=1 />
		<Stream PID=  41 type=0 active=1 />
	</Program>
	<Program ProgramNumber=786 name="SBS Digital 2" LCN=33>
		<Stream PID= 162 type=1 active=1 />
		<Stream PID=  83 type=2 active=1 />
		<Stream PID=  42 type=0 active=1 />
	</Program>
	<Program ProgramNumber=787 name="SBS EPG" LCN=31>
		<Stream PID= 163 type=1 active=1 />
		<Stream PID=  85 type=2 active=1 />
		<Stream PID=  43 type=0 active=1 />
	</Program>
	<Program ProgramNumber=798 name="SBS Radio 1" LCN=38>
		<Stream PID= 201 type=2 active=1 />
	</Program>
	<Program ProgramNumber=799 name="SBS Radio 2" LCN=39>
		<Stream PID= 202 type=2 active=1 />
	</Program>
</Network>

