<!--
$(LongYear) - Year (4 digit)
$(ShortYear) - Year (2 digit)
$(Month) - Month (2 digit)
$(Day) - Day (2 digit)
$(Hour24) - Hour in 24 hour time (2 digit)
$(Minute) - Minute (2 digit)
$(Second) - Second (2 digit)
$(Hour12) - Hour in 12 hour time (2 digit)
$(AMPM) - AM/PM
$(ap) - a/p
$(LongDayOfWeek) - Day of week (eg. Sunday, Monday, ...)
$(ShortDayOfWeek) - Short day of week (eg. Sun, Mon, ...)
$(LongMonth) - Name of month (eg. January, February, ...)
$(ShortMonth) - Short name of month (eg. Jan, Feb, ...)

$(NetworkName) - Current Network Name
$(ProgramName) - Current Program Name
$(NetworkNumber) - Current Network Number
$(ProgramNumber) - Current Program Number

$(Frequency)
$(VideoPid)
$(AudioPid)
$(AC3)

$(Recording)
$(RecordingStopped)
$(RecordingPaused)
$(RecordingUnpaused)
$(RecordingTimeLeft)

$(VideoDecoder)
$(VideoDecoderId)
$(AudioDecoder)
$(AudioDecoderId)
$(Resolution)
$(ResolutionLeft)
$(ResolutionTop)
$(ResolutionWidth)
$(ResolutionHeight)
$(ResolutionMove)
$(ResolutionResize)

$(Zoom)
$(ZoomMode)

$(AlwaysOnTop)
$(Fullscreen)

$(Volume)
$(Mute)

$(KeyCode)
$(KeyShift)
$(KeyCtrl)
$(KeyAlt)

$(SignalQuality)
$(SignalStrength)

$(TimeShift)
$(TimeShiftJumpDirection)
$(TimeShiftJumpSeconds)

$(Brightness)
$(Contrast)
$(Hue)
$(Saturation)
$(Gamma)

$(NowAndNext)
$(NaNTime[n])
$(NaNLength[n])
$(NaNProgram[n])
$(NaNDescription[n])

$(() - $(
-->

<image name="BrownButton">
	<filename>images\brown-button.bmp</filename>
	<colorkey>#000000</colorkey>
	<!--<stretchArea left=17 top=17 right=408 bottom=49 />-->
	<stretchArea left=17 right=408 />
</image>

<image name="GreenButton">
	<filename>images\green-button.bmp</filename>
	<colorkey>#000000</colorkey>
	<!--<stretchArea left=17 top=17 right=408 bottom=49 />-->
	<stretchArea left=17 right=408 />
</image>

<image name="BrownBackground">
	<filename>images\brown-button.bmp</filename>
	<colorkey>#000000</colorkey>
	<stretchArea left=17 top=17 right=408 bottom=49 />
</image>

<window name="Overlay">
	<group name="UnknownKey">
		<label>
			<pos x=384 y=288 />
			<text>$(LastKey)</text>
			<font height=40 color="#FFFFFF" />
			<align horizontal="centre" vertical="centre" />
			<background>
				<image>BrownButton</image>
				<padding left=10 top=0 right=10 bottom=3 />
			</background>
		</label>
	</group>
	<group name="Channel">
		<label>
			<pos x=750 y=515 />
			<text>$(CurrentService)</text>
			<font height=40 color="#FFFFFF" />
			<align horizontal="right" vertical="bottom" />
			<background>
				<image>BrownButton</image>
				<padding left=10 top=0 right=10 bottom=3 />
			</background>
		</label>
		<label>
			<pos x=750 y=560 />
			<text>$(CurrentNetwork)</text>
			<font height=40 color="#FFFFFF" />
			<align horizontal="right" vertical="bottom" />
			<background>
				<image>BrownButton</image>
				<padding left=10 top=0 right=10 bottom=3 />
			</background>
		</label>
		<label>
			<pos x=750 y=10 />
			<text>$(CurrentDVBTCard)</text>
			<font height=20 color="#FFFFFF" />
			<align horizontal="right" />
			<background>
				<image>BrownButton</image>
				<padding left=10 top=0 right=10 bottom=3 />
			</background>
		</label>
	</group>
	<group name="Scanning">
		<label>
			<pos x=750 y=40 />
			<!--<text>Scanning</text>-->
			<font height=20 color="#FFFFFF" />
			<align horizontal="right" />
			<background>
				<image>BrownButton</image>
				<padding left=10 top=0 right=10 bottom=3 />
			</background>
		</label>
	</group>
	<group name="Time">
		<label>
			<pos x=20 y=526 />
			<text>$(Hour24):$(Minute):$(Second) $(AMPM)</text>
			<font height=20 weight=700 color="#FFFFFF" />
			<background>
				<image>BrownButton</image>
				<padding left=10 top=0 right=10 bottom=3 />
			</background>
		</label>
	</group>
	<!--
	<group name="Recording">
	</group>
	-->
	<!--
	<group name="VideoDecoder">
	</group>
	-->
	<!--
	<group name="AudioDecoder">
	</group>
	-->
	<!--
	<group name="Zoom">
	</group>
	-->
	<!--
	<group name="AlwaysOnTop">
	</group>
	-->
	<!--
	<group name="Fullscreen">
	</group>
	-->
	<!--
	<group name="Volume">
	</group>
	-->
	<!--
	<group name="Mute">
	</group>
	-->
	<!--
	<group name="Signal">
	</group>
	-->
	<!--
	<group name="NowAndNext">
	</group>
	-->
	<!--
	<group name="">
	</group>
	-->
	<!--
	<group name="">
	</group>
	-->
</window>

<window name="MainMenu">
	<keys>
		<Key code= 13>Select()</>
		<Key code= 37>Left()</>
		<Key code= 38>Up()</>
		<Key code= 39>Right()</>
		<Key code= 40>Down()</>
	</keys>
	<label>
		<pos x=384 y=40 />
		<text>Main Menu</text>
		<font height=40 weight=700 color="#FFFFFF" />
		<align horizontal="centre"/>
		<!--
		<background>
			<image>BrownBackground</image>
			<padding left=250 right=250 top=20 bottom=470 />
		</background>
		-->
	</label>
	<list name="MenuOptions">
		<pos x=100 y=100 />
		<size width=568 height=426 />

		<itemTemplate>
			<height>60</height>
			<gap>10</gap>
			<font height=40 weight=700 color="#FFFFFF" />
			<align horizontal="centre"/>
			<background>
				<image>BrownButton</image>
				<highlightImage>GreenButton</highlightImage>
			</background>
		</itemTemplate>

		<item>
			<text>Watch TV</text>
			<onSelect>
				ExitMenu(-1)
				SetSource(BDA)
			</onSelect>
		</item>
		<item>
			<text>Exit</text>
			<onSelect>Exit()</onSelect>
		</item>
	</list>
</window>

<window name="TVMenu">
	<keys>
		<Key code= 13>Select()</>
		<Key code= 37>Left()</>
		<Key code= 38>Up()</>
		<Key code= 39>Right()</>
		<Key code= 40>Down()</>
	</keys>
	<label>
		<pos x=384 y=40 />
		<text>TV Menu</text>
		<font height=40 weight=700 color="#FFFFFF" />
		<align horizontal="centre"/>
	</label>
	<list name="MenuOptions">
		<pos x=100 y=100 />
		<size width=568 height=426 />

		<itemTemplate>
			<height>60</height>
			<gap>10</gap>
			<font height=40 weight=700 color="#FFFFFF" />
			<align horizontal="centre"/>
			<background>
				<image>BrownButton</image>
				<highlightImage>GreenButton</highlightImage>
			</background>
		</itemTemplate>

		<item>
			<text>Channel Setup</text>
			<onSelect>
				ExitMenu(-1)
				ShowMenu(TVChannelSetup)
			</onSelect>
		</item>
		<item>
			<text>Main Menu</text>
			<onSelect>
				ExitMenu(-1)
				ShowMenu("MainMenu")
			</onSelect>
		</item>
	</list>
</window>

<window name="TVChannelSetup">
	<keys>
		<Key code= 13>Select()</>
		<Key code= 37>Left()</>
		<Key code= 38>Up()</>
		<Key code= 39>Right()</>
		<Key code= 40>Down()</>
	</keys>
	<label>
		<pos x=384 y=40 />
		<text>TV Channel Setup</text>
		<font height=40 weight=700 color="#FFFFFF" />
		<align horizontal="centre"/>
	</label>
	<list name="MenuOptions">
		<pos x=100 y=100 />
		<size width=568 height=376 />

		<itemTemplate>
			<height>50</height>
			<gap>10</gap>
			<font height=40 weight=700 color="#FFFFFF" />
			<align horizontal="centre"/>
			<background>
				<image>BrownButton</image>
				<highlightImage>GreenButton</highlightImage>
			</background>
		</itemTemplate>

		<item>
			<height>60</height>
			<gap>40</gap>
			<font height=40 weight=700 color="#FFFFFF" />
			<text>Add Network</text>
			<onSelect>
				ExitMenu(-1)
				ShowMenu(TVAddNetwork)
			</onSelect>
		</item>
		<!--
		<item>
			<text>Reorder</text>
			<onSelect>
				ExitMenu(-1)
			</onSelect>
		</item>
		-->
		<itemList>
			<source>TVChannels.Networks</source>
			<text>$(TVChannels.Network.name)</text>
			<onSelect>SetChannel($(TVChannels.Network.originalNetworkId)) ExitMenu()</onSelect>
			<onLeft>
				MoveNetworkUp($(TVChannels.Network.originalNetworkId))
				Up()
			</onLeft>
			<onRight>
				MoveNetworkDown($(TVChannels.Network.originalNetworkId))
				Down()
			</onRight>
		</itemList>
	</list>
	<label>
		<pos x=384 y=500 />
		<text>use left and right arrows to change network order</text>
		<font height=20 weight=700 color="#FFFFFF" />
		<align horizontal="centre"/>
	</label>
</window>

<window name="TVAddNetwork">
	<keys>
		<Key code= 13>Select()</>
		<Key code= 37>Left()</>
		<Key code= 38>Up()</>
		<Key code= 39>Right()</>
		<Key code= 40>Down()</>
	</keys>
	<label>
		<pos x=50 y=40 />
		<text>TV Add Network</text>
		<font height=40 weight=700 color="#FFFFFF" />
		<align horizontal="left"/>
	</label>
	<list name="MenuOptions">
		<pos x=50 y=100 />
		<size width=168 height=376 />

		<itemTemplate>
			<height>40</height>
			<gap>10</gap>
			<font height=30 weight=700 color="#FFFFFF" />
			<align horizontal="left"/>
			<background>
				<image>BrownButton</image>
				<highlightImage>GreenButton</highlightImage>
			</background>
			<onRight>ChangeFrequencySelectionOffset(1)</onRight>
			<onLeft>ChangeFrequencySelectionOffset(-1)</onLeft>
		</itemTemplate>

		<itemList>
			<source>FrequencyList</source>
			<text>   $(FrequencyList.frequency)  ($(FrequencyList.bandwidth))</text>
			<onSelect>
				SetFrequency($(FrequencyList.frequency), $(FrequencyList.bandwidth))
			</onSelect>
		</itemList>
	</list>
	<label>
		<pos x=50 y=500 />
		<text>use left and right arrows to change offset</text>
		<font height=20 weight=700 color="#FFFFFF" />
		<align horizontal="left"/>
	</label>
	<label>
		<pos x=750 y=470 />
		<text>$(Scanning)</text>
		<font height=40 color="#FFFFFF" />
		<align horizontal="right" vertical="bottom" />
		<background>
			<image>BrownButton</image>
			<padding left=10 top=0 right=10 bottom=3 />
		</background>
	</label>
</window>



<window name="ChannelSelect">
	<keys>
		<Key code= 13>Select()</>
		<Key code= 37>Left()</>
		<Key code= 38>Up()</>
		<Key code= 39>Right()</>
		<Key code= 40>Down()</>
	</keys>

	<label>
		<pos x=340 y=35 />
		<text>Network</text>
		<font height=30 weight=700 color="#FFFFFF" />
	</label>
	<button name="NetworkDown">
		<pos x=444 y=20 />
		<size width=150 height=60 />
		<text>Previous</text>
		<font height=30 weight=700 color="#FFFFFF" />
		<background>
			<image>BrownButton</image>
			<highlightImage>GreenButton</highlightImage>
		</background>
		<highlight default=1>
			<onSelect>NetworkDown() ExitMenu(-1)</onSelect>
			<onRight>#NetworkUp</onRight>
			<onDown>#ProgramDown</onDown>
		</highlight>
	</button>
	<button name="NetworkUp">
		<pos x=596 y=20 />
		<size width=150 height=60 />
		<text>Next</text>
		<font height=30 weight=700 color="#FFFFFF" />
		<background>
			<image>BrownButton</image>
			<highlightImage>GreenButton</highlightImage>
		</background>
		<highlight>
			<onSelect>NetworkUp() ExitMenu(-1)</onSelect>
			<onLeft>#NetworkDown</onLeft>
			<onDown>#ProgramUp</onDown>
		</highlight>
	</button>
		
	<label>
		<pos x=340 y=105 />
		<text>Program</text>
		<font height=30 weight=700 color="#FFFFFF" />
	</label>
	<button name="ProgramDown">
		<pos x=444 y=90 />
		<size width=150 height=60 />
		<text>Previous</text>
		<font height=30 weight=700 color="#FFFFFF" />
		<background>
			<image>BrownButton</image>
			<highlightImage>GreenButton</highlightImage>
		</background>
		<highlight>
			<onSelect>ProgramDown() ExitMenu(-1)</onSelect>
			<onRight>#ProgramUp</onRight>
			<onUp>#NetworkDown</onUp>
		</highlight>
	</button>
	<button name="ProgramUp">
		<pos x=596 y=90 />
		<size width=150 height=60 />
		<text>Next</text>
		<font height=30 weight=700 color="#FFFFFF" />
		<background>
			<image>BrownButton</image>
			<highlightImage>GreenButton</highlightImage>
		</background>
		<highlight>
			<onSelect>ProgramUp() ExitMenu(-1)</onSelect>
			<onLeft>#ProgramDown</onLeft>
			<onUp>#NetworkUp</onUp>
		</highlight>
	</button>
</window>

<window name="NetworkList">
	<!--
	<hideLowerWindows />
	-->
	<keys>
		<Key code= 13>Select()</>
		<Key code= 37>Left()</>
		<Key code= 38>Up()</>
		<Key code= 39>Right()</>
		<Key code= 40>Down()</>
	</keys>
	
	<list name="Networks">
		<pos x=10 y=100 />
		<size width=250 height=400 />
		
		<itemTemplate>
			<height>40</height>
			<gap>5</gap>
			<font height=30 weight=700 color="#FFFFFF" />
			<align horizontal="left"/>
			<background>
				<image>BrownButton</image>
				<highlightImage>GreenButton</highlightImage>
			</background>
		</itemTemplate>
		
		<itemList>
			<source>TVChannels.Networks</source>
			<text>  $(TVChannels.Network.name)</text>
			<onSelect>SetChannel($(TVChannels.Network.originalNetworkId)) ExitMenu()</onSelect>
			<onRight>ShowMenu("ServiceList($(TVChannels.Network.originalNetworkId))")</onRight>
		</itemList>
	</list>
</window>

<window name="ServiceList">
	<keys>
		<Key code= 13>Select()</>
		<Key code= 37>Left()</>
		<Key code= 38>Up()</>
		<Key code= 39>Right()</>
		<Key code= 40>Down()</>
	</keys>
	
	<list name="Services">
		<pos x=270 y=100 />
		<size width=250 height=400 />
		
		<itemTemplate>
			<height>40</height>
			<gap>5</gap>
			<font height=30 weight=700 color="#FFFFFF" />
			<align horizontal="left"/>
			<background>
				<image>BrownButton</image>
				<highlightImage>GreenButton</highlightImage>
			</background>
		</itemTemplate>
		
		<itemList>
			<source>TVChannels.Services.$(window.ServiceList[0])</source>
		<!--<text>  $(TVChannels.Service.ServiceId). $(TVChannels.Service.Name)</text>-->
			<text>  $(TVChannels.Service.LogicalChannelNumber). $(TVChannels.Service.Name)</text>
			<onSelect>SetChannel($(window.ServiceList[0]), $(TVChannels.Service.ServiceId)) ExitMenu(2)</onSelect>
			<onLeft>ExitMenu()</onLeft>
		</itemList>
	</list>
</window>

<window name="Messages">
	<listbox>
		<pos x=10 y=10 />
		<size width=500 height=500 />
		
		<itemList>#messages</itemList>
		
		<textColor>#FFFFFF</textColor>
		<backColor>#505050</backColor>
	</listbox>
</window>

<window name="MessageBox">
	<button>
		<pos x=100 y=100 />
		<background color=#1109B3" />
		<border color="#A1A1A1" width=5 />
		<text color="#FFFFFF">#MessageBox</text>
	</button>
</window>

<!--
Event(ShowAll)
  DrawBitmap("images\background.bmp",  0, 94, -1, -1, 100, 6)
  DrawBitmap("images\background.bmp",  0, 94, -1, -1, 100, 6)
  DrawText("$(NetworkNumber) - $(ProgramNumber)",  2, 97, -1,  0, -1, -1, 4, 0x0000FF00, Arial)
  DrawText("$(ProgramName)",  94.5,  97, 1,  0, -1, -1, 4, 0x0000FF00, Arial)
  DrawText("$(NaNProgram[0])", 50, 97, 0,  0, -1, -1, 4, 0x0000FFFF, Arial)
  DrawBitmap("images\network$(NetworkNumber).bmp", 95, 94, -1, -1, 5, 6)
  DrawText("$(VideoDecoder)" , 50,  7,  0, -1, -1, -1, 3, 0x0000FF00, Arial)
  DrawText("$(AudioDecoder)" , 50, 10,  0, -1, -1, -1, 3, 0x0000FF00, Arial)
  DrawText("$(Resolution)"  , 50, 13,  0, -1, -1, -1, 3, 0x0000FF00, Arial)
  DrawText("Zoom - $(Zoom)%", 2,  4, -1, -1, -1, -1, 4, 0x0000FF00, Arial)
  DrawText("ZoomMode $(ZoomMode)", 2,  7, -1, -1, -1, -1, 4, 0x0000FF00, Arial)
  DrawText("$(AlwaysOnTop)", 2, 10, -1, -1, -1, -1, 4, 0x0000FF00, Arial)
  DrawText("$(Fullscreen)", 2,  13, -1, -1, -1, -1, 4, 0x0000FF00, Arial)
  DrawText("Volume - $(Volume)%", 50, 94,  0,  1, -1, -1, 5, 0x000080F0, Arial)
  DrawText("$(Mute)", 98, 2,  1, -1, -1, -1, 5, 0x000040FF, Arial)
  DrawText("Brightness - $(Brightness)\nContrast - $(Contrast)\nHue - $(Hue)\nSaturation - $(Saturation)\nGamma - $(Gamma)", 2, 50, -1, -1, -1, -1, 4, 0x0000FFFF, Arial)
  DrawText("$(Recording) $(RecordingTimeLeft)",  2, 94, -1,  1, -1, -1, 4, 0x00606060, Arial)
    Transparent(0)

Event(Channel)
  Duration(10)
  DrawBitmap("images\background.bmp",  0, 94, -1, -1, 100, 6)
  DrawText("$(NetworkNumber) - $(ProgramNumber)",  2, 97, -1,  0, -1, -1, 4, 0x0000FF00, Arial)
  DrawText("$(ProgramName)",  94.5,  97, 1,  0, -1, -1, 4, 0x0000FF00, Arial)
  DrawText("$(NaNProgram[0])", 50, 97, 0,  0, -1, -1, 4, 0x0000FFFF, Arial)
  DrawBitmap("images\network$(NetworkNumber).bmp", 95, 94, -1, -1, 5, 6)

Event(Recording)
  DrawText("$(Recording) $(RecordingTimeLeft)",  2, 94, -1,  1, -1, -1, 4, 0x00606060, Arial)
    Transparent(0)

Event(RecordingStopped)
  DrawText("$(RecordingStopped)",  2, 94, -1,  1, -1, -1, 4, 0x00606060, Arial)

Event(RecordingPaused)
  DrawText("$(RecordingPaused)",   2, 90, -1,  1, -1, -1, 4, 0x00606060, Arial)

Event(RecordingUnpaused)
  DrawText("$(RecordingUnpaused)", 2, 90, -1,  1, -1, -1, 4, 0x00606060, Arial)

Event(VideoDecoder)
  DrawText("$(VideoDecoder)", 50,  7,  0, -1, -1, -1, 3, 0x0000FF00, Arial)

Event(AudioDecoder)
  DrawText("$(AudioDecoder)", 50, 10,  0, -1, -1, -1, 3, 0x0000FF00, Arial)

Event(Resolution)
  DrawText("$(Resolution)", 50, 13,  0, -1, -1, -1, 3, 0x0000FF00, Arial)

Event(Zoom)
  DrawText("Zoom - $(Zoom)%", 2,  4, -1, -1, -1, -1, 4, 0x0000FF00, Arial)

Event(ZoomIn)
  DrawText("Zoom - $(Zoom)%", 2,  4, -1, -1, -1, -1, 4, 0x0000FF00, Arial)

Event(ZoomOut)
  DrawText("Zoom - $(Zoom)%", 2,  4, -1, -1, -1, -1, 4, 0x0000FF00, Arial)

Event(ZoomMode)
  DrawText("ZoomMode $(ZoomMode)", 2,  7, -1, -1, -1, -1, 4, 0x0000FF00, Arial)

Event(AlwaysOnTop)
  DrawText("$(AlwaysOnTop)", 2, 10, -1, -1, -1, -1, 4, 0x0000FF00, Arial)

Event(Fullscreen)
  #DrawText("$(Fullscreen)", 2,  13, -1, -1, -1, -1, 4, 0x0000FF00, Arial)

Event(Volume)
  DrawText("Volume - $(Volume)%", 50, 94,  0,  1, -1, -1, 5, 0x000080F0, Arial)

Event(Mute)
  DrawText("$(Mute)", 98, 2,  1, -1, -1, -1, 5, 0x000040FF, Arial)

Event(TimeShift)
  DrawText("$(TimeShift)", 50, 94,  0,  1, -1, -1, 4, 0x0000FF00, Arial)

Event(TimeShiftJump)
  DrawText("Jump $(TimeShiftJumpSeconds) Seconds $(TimeShiftJumpDirection)", 50, 94,  0,  1, -1, -1, 4, 0x0000FF00, Arial)

Event(ColorControls)
  DrawText("Brightness - $(Brightness)\nContrast - $(Contrast)\nHue - $(Hue)\nSaturation - $(Saturation)\nGamma - $(Gamma)", 2, 50, -1, -1, -1, -1, 4, 0x0000FFFF, Arial)

Event(KeyPress)
  DrawText("KeyCode - $(KeyShift) $(KeyCtrl) $(KeyAlt) $(KeyCode)", 50, 50,  0,  0, -1, -1, 7, 0x0000FF00, Arial)



Event(ShowTime)
  DrawText("$(Hour24)-$(Minute)-$(Second)$(ap)", 99, 1,  1, -1, -1, -1, 4, 0x0000FF00, Arial)
    Transparent(0)

Event(ShowChannelInfo)
  DrawText("Video - $(VideoPid)\nAudio - $(AudioPid)", 50,  2,  0, -1, -1, -1, 3, 0x0000FF00, Arial)

Event(ShowSignal)
  DrawText("Quality - $(SignalQuality)  Strength - $(SignalStrength)", 50, 98,  0,  1, -1, -1, 3, 0x0000FF00, Arial)

Event(ShowNowAndNext)
  DrawText("$(NowAndNext)",  2, 10, -1, -1, 60, 80, 4, 0x00FFFFFF, Arial)
-->
