<!-- DigitalWatch BDATimeShift Source Keys -->

  <Key code= 13>				ShowMenu("NetworkList")</>
  <Key code= 114>			ShowMenu("NetworkList")</>
  <Key code= 115>			GetStreamList() ShowMenu("StreamList")</>

  <!-- F2 and Preview button on VP remote -->
  <Key code=113>				ExitMenu(-1) ShowMenu("TVMenu")</>
  <Key code='K'>				ExitMenu(-1) ShowMenu("TVMenu")</>
  <Key code='U'>				GetStreamList() ShowMenu("StreamList")</>
  <Key code='F'>				GetFilterList() ShowMenu("FilterList")</>
  <Key code='G'>				GetTSFilterList() ShowMenu("TSFilterList")</>
  <Key code='W'>				ReLoadTimeShiftFile()</>
 <Key code='W' shift>			LoadRecordFile()</>
 <Key code='Q'>				MinimiseBuffers()</>
 <Key code=81 shift>			CloseBuffers()</>
 <Key code=81 alt>			MinimiseDisplay()</>

 <!-- numpad + and - -->
  <Key code=107>				NetworkUp()</>
  <Key code=109>				NetworkDown()</>
  <Key code=107 shift>			ProgramUp()</>
  <Key code=109 shift>			ProgramDown()</>

  <!-- Page-Up and Page-Down -->
  <Key code= 33>				NetworkUp()</>
  <Key code= 34>				NetworkDown()</>

  <!-- recall on VP remote -->
  <Key code='C'>				LastChannel()</>
  <Key code='L'>				LastChannel()</>

  <!-- Home and End. Rec and Stop on VP remote -->
  <Key code= 36>				Recording(1)</>
  <Key code= 35>				Recording(0)</>
  <Key code='R'>				Recording(2)</>
  <Key code='R' shift>			RecordingPause(2)</>
  <Key code='R' alt>			Recording(1,"TestDWS")</> 


  <Key code='P' shift>			ShowChannelInfo()</>
  <Key code='Q'>				ShowOSDItem("Signal")</>
  <Key code='E'>				ShowOSDItem("NowAndNext")</>

  <!-- keyboard numbers -->
  <Key code='0'>				SeekTo(100)</>
  <Key code='1'>				SeekTo(10)</>
  <Key code='2'>				SeekTo(20)</>
  <Key code='3'>				SeekTo(30)</>
  <Key code='4'>				SeekTo(40)</>
  <Key code='5'>				SeekTo(50)</>
  <Key code='6'>				SeekTo(60)</>
  <Key code='7'>				SeekTo(70)</>
  <Key code='8'>				SeekTo(80)</>
  <Key code='9'>				SeekTo(90)</> 
  
  <!-- Shift Home and Shift End. -->
  <Key code= 36 shift>			SeekTo(0)</>
  <Key code= 35 shift>			SeekTo(100)</>

  <!-- space -->
  <Key code= 32>				PlayPause()</>
  <Key code= 'T'>				PlayPause()</>

 <!-- comma and period 5 seconds jump -->
  <Key code=190>				Seek(5)</>
  <Key code=188>				Seek(-5)</>
  <!-- comma and period with alt 20 second jump -->
  <Key code=190 alt>				Seek(20)</>
  <Key code=188 alt>				Seek(-20)</>
  <!-- comma and period with ctrl 60 second jump -->
  <Key code=190 ctrl>				Seek(60)</>
  <Key code=188 ctrl>				Seek(-60)</>

  <!-- Forward and Rewind on VP remote -->
  <Key code='N'>				Seek(30)</>
  <Key code='I'>				Seek(-10)</>

  <Key code='A'>				ToggleOSDItem("Position") ToggleOSDItem("Channel")</>
  <Key code='P'>				ToggleOSDItem("Position")</>

<!-- Mouse settings -->

  <!-- left double click -->

  <!-- Right click -->
  <!--Mouse code=3-->	

  <!-- scroll up -->
  <Mouse code=5>				Seek(5)</>

  <!-- scroll down -->
  <Mouse code=6>				Seek(-5)</>

