<!-- DigitalWatch Global Keys -->

  <Key code=112>			  	ShowMenu("MainMenu")</>
  <Key code= 13>				ShowMenu("MainMenu")</>
  <Key code= 27>				ExitMenu()</>

  <Key code='T' shift>			SetSource(BDA)</>
  <Key code='F' shift>			SetSource(FILE)</>

  <!-- Cursor-Up and Cursor-Down with shift option. Vol+ Vol- on VP remote -->
  <Key code= 38 shift>			ProgramUp()</>
  <Key code= 40 shift>			ProgramDown()</>

  <Key code='V'>				VideoDecoderEntry(-1)</>
  <Key code='D'>				AudioDecoderEntry(-1)</>
  <Key code='B'>				ResolutionEntry(-1)</>

  <!-- Full Screen on VP remote -->
  <Key code='Z'>				Fullscreen(2)</>
  <Key code='Y'>				AlwaysOnTop(2)</>

  <!-- [ and ] -->
  <Key code=219>				Zoom(100)</>
  <Key code=221>				Zoom(133)</>
  <Key code=219 shift>			ZoomOut(5)</>
  <Key code=221 shift>			ZoomIn(5)</>
  <Key code=220>				ZoomMode(-1)</>
  <Key code='K'>				ZoomMode(-1)</>

  <!-- - and = -->
  <Key code=189 shift>			ZoomOut(5)</>
  <Key code=187 shift>			ZoomIn(5)</>
  <Key code=189>				VolumeDown(5)</>
  <Key code=187>				VolumeUp(5)</>
  <!-- Mute on VP remote -->
  <Key code='M'>				Mute(2)</>
  <Key code='F'>				ShowFilterProperties()</>

  <!-- Tab on keyboard and VP remote -->
  <Key code=  9>				ToggleOSDItem("Time")</>

  <Key code='1' shift>			SetColorControls(  350, 10000, 0, 10000, 1)</>
  <Key code='2' shift>			SetColorControls(  450, 10000, 0, 10000, 1)</>
  <Key code='3' shift>			SetColorControls(  550, 10000, 0, 10000, 1)</>
  <Key code='4' shift>			SetColorControls(  650, 10000, 0, 10000, 1)</>
  <Key code='5' shift>			SetColorControls(  750, 10000, 0, 10000, 1)</>
  <Key code='6' shift>			SetColorControls( 1500, 10000, 0, 10000, 1)</>
  <Key code='7' shift>			SetColorControls( 2500, 10000, 0, 10000, 1)</>
  <Key code='8' shift>			SetColorControls( 5000, 10000, 0, 10000, 1)</>
  <Key code='9' shift>			SetColorControls(10000, 10000, 0, 10000, 1)</>

  <Key code='X'>				Exit()</>
  <Key code=117 shift ctrl alt>	Exit()</>


<!-- Mouse settings -->

  <!-- left double click -->
  <Mouse code=2>Fullscreen(2)</>

  <!-- right click -->

  <!-- middle click -->

  <!-- scroll up -->

  <!-- scroll down -->

