<!-- Australian broadcast frequencies

Note: 
 Some stations broadcast 125 khz above these values
 For example, channel 9 in Melbourne broadcasts on 191625 rather than 191500
 Some tuners can cope with the difference but other cannot.
-->

<!-- Band III VHF -->
<Network Frequency="177500" Bandwidth="7" />	<!-- 6  -->
<Network Frequency="184500" Bandwidth="7" />	<!-- 7  -->
<Network Frequency="191500" Bandwidth="7" />	<!-- 8  -->
<Network Frequency="198500" Bandwidth="7" />	<!-- 9  -->
<Network Frequency="205500" Bandwidth="7" />	<!-- 9A -->
<Network Frequency="212500" Bandwidth="7" />	<!-- 10 -->
<Network Frequency="219500" Bandwidth="7" />	<!-- 11 -->
<Network Frequency="226500" Bandwidth="7" />	<!-- 12 -->

<!-- Band IV UHF -->
<Network Frequency="529500" Bandwidth="7" />	<!-- 28 -->
<Network Frequency="536500" Bandwidth="7" />	<!-- 29 -->
<Network Frequency="543500" Bandwidth="7" />	<!-- 30 -->
<Network Frequency="550500" Bandwidth="7" />	<!-- 31 -->
<Network Frequency="557500" Bandwidth="7" />	<!-- 32 -->
<Network Frequency="564500" Bandwidth="7" />	<!-- 33 -->
<Network Frequency="571500" Bandwidth="7" />	<!-- 34 -->
<Network Frequency="578500" Bandwidth="7" />	<!-- 35 -->

<!-- Band V UHF -->
<Network Frequency="585500" Bandwidth="7" />	<!-- 36 -->
<Network Frequency="592500" Bandwidth="7" />	<!-- 37 -->
<Network Frequency="599500" Bandwidth="7" />	<!-- 38 -->
<Network Frequency="606500" Bandwidth="7" />	<!-- 39 -->
<Network Frequency="613500" Bandwidth="7" />	<!-- 40 -->
<Network Frequency="620500" Bandwidth="7" />	<!-- 41 -->
<Network Frequency="627500" Bandwidth="7" />	<!-- 42 -->
<Network Frequency="634500" Bandwidth="7" />	<!-- 43 -->
<Network Frequency="641500" Bandwidth="7" />	<!-- 44 -->
<Network Frequency="648500" Bandwidth="7" />	<!-- 45 -->
<Network Frequency="655500" Bandwidth="7" />	<!-- 46 -->
<Network Frequency="662500" Bandwidth="7" />	<!-- 47 -->
<Network Frequency="669500" Bandwidth="7" />	<!-- 48 -->
<Network Frequency="676500" Bandwidth="7" />	<!-- 49 -->
<Network Frequency="683500" Bandwidth="7" />	<!-- 50 -->
<Network Frequency="690500" Bandwidth="7" />	<!-- 51 -->
<Network Frequency="697500" Bandwidth="7" />	<!-- 52 -->
<Network Frequency="704500" Bandwidth="7" />	<!-- 53 -->
<Network Frequency="711500" Bandwidth="7" />	<!-- 54 -->
<Network Frequency="718500" Bandwidth="7" />	<!-- 55 -->
<Network Frequency="725500" Bandwidth="7" />	<!-- 56 -->
<Network Frequency="732500" Bandwidth="7" />	<!-- 57 -->
<Network Frequency="739500" Bandwidth="7" />	<!-- 58 -->
<Network Frequency="746500" Bandwidth="7" />	<!-- 59 -->
<Network Frequency="753500" Bandwidth="7" />	<!-- 60 -->
<Network Frequency="760500" Bandwidth="7" />	<!-- 61 -->
<Network Frequency="767500" Bandwidth="7" />	<!-- 62 -->
<Network Frequency="774500" Bandwidth="7" />	<!-- 63 -->
<Network Frequency="781500" Bandwidth="7" />	<!-- 64 -->
<Network Frequency="788500" Bandwidth="7" />	<!-- 65 -->
<Network Frequency="795500" Bandwidth="7" />	<!-- 66 -->
<Network Frequency="802500" Bandwidth="7" />	<!-- 67 -->
<Network Frequency="809500" Bandwidth="7" />	<!-- 68 -->
<Network Frequency="816500" Bandwidth="7" />	<!-- 69 -->
