<Decoder name="GPL MPEG-1/2 Decoder">
	<MediaType name="MPEG2 Video" />
	
    <LoadFilter clsid="{CE1B27BE-851B-45DD-AB26-44389A8F71B4}" name="GPL MPEG-1/2 Decoder" />
    <VideoRenderer name="Overlay Mixer" />

    <InputFilter name="GPL MPEG-1/2 Decoder" pin="Video" />
    <Connect>
    	<From name="GPL MPEG-1/2 Decoder" pin="Output" />
    	<To name="Overlay Mixer" />
   	</>
</Decoder>

<Decoder name="GPL MPEG-1/2 Decoder - VMR9">
	<MediaType name="MPEG2 Video" />
	
    <LoadFilter clsid="{CE1B27BE-851B-45DD-AB26-44389A8F71B4}" name="GPL MPEG-1/2 Decoder" />
    <VideoRenderer name="VMR9" />

    <InputFilter name="GPL MPEG-1/2 Decoder" pin="Video" />
    <Connect>
    	<From name="GPL MPEG-1/2 Decoder" pin="Output" />
    	<To name="VMR9" />
   	</>
</Decoder>

<Decoder name="MPEG Audio Decoder - Default DirectSound Device">
	<MediaType name="MPEG Audio" />
	<MediaType name="MPEG2 Audio" />
	
    <LoadFilter clsid="{4A2286E0-7BEF-11CE-9BD9-0000E202599C}" name="MPEG Audio Decoder" />
    <AudioRenderer name="Default DirectSound Device" />
    
    <InputFilter name="MPEG Audio Decoder" pin="XForm In" />
    <Connect>
    	<From name="MPEG Audio Decoder" pin="XForm Out" />
    	<To name="Default DirectSound Device" />
    </>
</Decoder>

<Decoder name="DNTV Live! Audio">
	<MediaType name="MPEG Audio" />
	<MediaType name="MPEG2 Audio" />
	<MediaType name="AC3 Audio" />
	
    <LoadFilter clsid="{9D82DFD0-03C9-11D9-9669-0800200C9A66}" name="DNTV Live! Audio" />
    <AudioRenderer name="Default DirectSound Device" />
    
    <InputFilter name="DNTV Live! Audio" pin="In" />
    <Connect>
    	<From name="DNTV Live! Audio" pin="Out" />
    	<To name="Default DirectSound Device" />
    </>
</Decoder>

<Decoder name="DNTV Live! Audio c/ DC-DSP Filter">
	<MediaType name="MPEG Audio" />
	<MediaType name="MPEG2 Audio" />
	<MediaType name="AC3 Audio" />
	
    <LoadFilter clsid="{9D82DFD0-03C9-11D9-9669-0800200C9A66}" name="DNTV Live! Audio" />
    <LoadFilter clsid="{B38C58A0-1809-11D6-A458-EDAE78F1DF12}" name="DC-DSP Filter" />
    <AudioRenderer name="Default DirectSound Device" />
    
    <InputFilter name="DNTV Live! Audio" pin="In" />
    <Connect>
    	<From name="DNTV Live! Audio" pin="Out" />
    	<To name="DC-DSP Filter" />
    </>
    <Connect>
    	<From name="DC-DSP Filter" />
    	<To name="Default DirectSound Device" />
    </>
</Decoder>

<Decoder name="AC3Filter Audio Decoder - Default DirectSound Device">
	<MediaType name="AC3 Audio" />

    <LoadFilter clsid="{A753A1EC-973E-4718-AF8E-A3F554D45C44}" name="AC3Filter" />
    <AudioRenderer name="Default DirectSound Device" />

   	<InputFilter name="AC3Filter" pin="In" />
    <Connect>
    	<From name="AC3Filter" pin="Out" />
    	<To name="Default DirectSound Device" />
    </>
</Decoder>

<!--MediaType("Teletext")-->

