<!-- DigitalWatch BDA Source Keys -->

  <!-- F1 and Enter -->
  <Key code=112>				ShowMenu("TVMenu")</>
  <Key code= 13>				ShowMenu("NetworkList")</>

  <!-- keyboard numbers -->
  <Key code='0'>				SetChannel(10)</>
  <Key code='1'>				SetChannel(1)</>
  <Key code='2'>				SetChannel(2)</>
  <Key code='3'>				SetChannel(3)</>
  <Key code='4'>				SetChannel(4)</>
  <Key code='5'>				SetChannel(5)</>
  <Key code='6'>				SetChannel(6)</>
  <Key code='7'>				SetChannel(7)</>
  <Key code='8'>				SetChannel(8)</>
  <Key code='9'>				SetChannel(9)</>

  <!-- keypad numbers -->
  <Key code= 96>				SetChannel(10)</>
  <Key code= 97>				SetChannel(1)</>
  <Key code= 98>				SetChannel(2)</>
  <Key code= 99>				SetChannel(3)</>
  <Key code=100>				SetChannel(4)</>
  <Key code=101>				SetChannel(5)</>
  <Key code=102>				SetChannel(6)</>
  <Key code=103>				SetChannel(7)</>
  <Key code=104>				SetChannel(8)</>
  <Key code=105>				SetChannel(9)</>

  <!-- numpad + and - -->
  <Key code=107>				NetworkUp()</>
  <Key code=109>				NetworkDown()</>

  <!-- Page-Up and Page-Down -->
  <Key code= 33>				NetworkUp()</>
  <Key code= 34>				NetworkDown()</>

  <Key code='A'>				ToggleOSDItem("Channel")</>

<!-- Mouse settings -->

  <!-- left double click -->

  <!-- right click -->

  <!-- middle click -->

  <!-- scroll up -->
  <Mouse code=5>NetworkUp()</>

  <!-- scroll down -->
  <Mouse code=6>NetworkDown()</>

