<!-- DigitalWatch BDA Source Keys -->

  <Key code= 13>				ShowMenu("NetworkList")</>
 
  <!-- F2 and Preview button on VP remote -->
  <Key code=113>				ExitMenu(-1) ShowMenu("TVMenu")</>
  <Key code='K'>				ExitMenu(-1) ShowMenu("TVMenu")</>

  <!-- numpad + and - -->
  <Key code=107>				NetworkUp()</>
  <Key code=109>				NetworkDown()</>
  <Key code=107 shift>				ProgramUp()</>
  <Key code=109 shift>				ProgramDown()</>

  <!-- Page-Up and Page-Down -->
  <Key code= 33>				NetworkUp()</>
  <Key code= 34>				NetworkDown()</>

  <!-- recall on VP remote -->
  <Key code='C'>				LastChannel()</>
  <Key code='L'>				LastChannel()</>

  <!-- Home and End. Rec and Stop on VP remote -->
  <Key code= 36>				Recording(1)</>
  <Key code= 35>				Recording(0)</>
  <Key code='R'>				Recording(2)</>
  <Key code='R' shift>				RecordingPause(2)</>
  <Key code='R' alt>				Recording(1,"TestDWS")</>

 
  <Key code='A'>				ToggleOSDItem("Channel")</>

  <Key code='P' shift>			ShowChannelInfo()</>
  <!-- <Key code='Q'>				ShowOSDItem("Signal")</> -->
  <Key code='Q'>				MinimiseDisplay()</>
  <Key code='E'>				ShowOSDItem("NowAndNext")</>
  <Key code='F'>				GetFilterList() ShowMenu("FilterList")</>
 
   <!-- space -->
  <Key code= 32>				SetSource("BDATIMESHIFT", "TS://$(CurrentServiceCmd)") PlayPause()</>
  <Key code= 'T'>				SetSource("BDATIMESHIFT", "TS://$(CurrentServiceCmd)") PlayPause()</>
 
<!-- Mouse settings -->

  <!-- left double click -->

  <!-- right click -->
  

  <!-- middle click -->

  <!-- scroll up -->
  <Mouse code=5>NetworkUp()</>

  <!-- scroll down -->
  <Mouse code=6>NetworkDown()</>

