<!--
$(LongYear) - Year (4 digit)
$(ShortYear) - Year (2 digit)
$(Month) - Month (2 digit)
$(Day) - Day (2 digit)
$(Hour24) - Hour in 24 hour time (2 digit)
$(Minute) - Minute (2 digit)
$(Second) - Second (2 digit)
$(Hour12) - Hour in 12 hour time (2 digit)
$(AMPM) - AM/PM
$(ap) - a/p
$(LongDayOfWeek) - Day of week (eg. Sunday, Monday, ...)
$(ShortDayOfWeek) - Short day of week (eg. Sun, Mon, ...)
$(LongMonth) - Name of month (eg. January, February, ...)
$(ShortMonth) - Short name of month (eg. Jan, Feb, ...)

$(NetworkName) - Current Network Name
$(ProgramName) - Current Program Name
$(NetworkNumber) - Current Network Number
$(ProgramNumber) - Current Program Number
$(CurrentServiceCmd) - Current "ONID:TSID:NID/SID" for use with SetSource("BDA", $(CurrentServiceCmd))

$(Frequency)
$(VideoPid)
$(AudioPid)
$(AC3)

$(Recording)
$(RecordingStopped)
$(RecordingPaused)
$(RecordingUnpaused)
$(RecordingTimeLeft)

$(VideoDecoder)
$(VideoDecoderId)
$(AudioDecoder)
$(AudioDecoderId)
$(Resolution)
$(ResolutionLeft)
$(ResolutionTop)
$(ResolutionWidth)
$(ResolutionHeight)
$(ResolutionMove)
$(ResolutionResize)

$(Zoom)
$(ZoomMode)

$(AlwaysOnTop)
$(Fullscreen)

$(Volume)
$(Mute)

$(KeyCode)
$(KeyShift)
$(KeyCtrl)
$(KeyAlt)

$(SignalQuality)
$(SignalStrength)

$(TimeShift)
$(TimeShiftJumpDirection)
$(TimeShiftJumpSeconds)

$(Brightness)
$(Contrast)
$(Hue)
$(Saturation)
$(Gamma)

$(NowAndNext)
$(NaNTime[n])
$(NaNLength[n])
$(NaNProgram[n])
$(NaNDescription[n])

$(() - $(
-->

<image name="BrownButton">
	<filename>images\brown-button.bmp</filename>
	<colorkey>#FF000000</colorkey>
	<!--<stretchArea left=17 top=17 right=408 bottom=49 />-->
	<stretchArea left=17 right=408 />
</image>

<image name="GreenButton">
	<filename>images\green-button.bmp</filename>
	<colorkey>#FF000000</colorkey>
	<!--<stretchArea left=17 top=17 right=408 bottom=49 />-->
	<stretchArea left=17 right=408 />
</image>

<image name="SelectedButton">
	<filename>images\green-button-select.bmp</filename>
	<colorkey>#FF000000</colorkey>
	<!--<stretchArea left=17 top=17 right=408 bottom=49 />-->
	<stretchArea left=17 right=408 />
</image>

<image name="MaskedButton">
	<filename>images\grey-button-mask.bmp</filename>
	<colorkey>#FF000000</colorkey>
	<!--<stretchArea left=17 top=17 right=408 bottom=49 />-->
	<stretchArea left=17 right=408 />
</image>


<image name="BrownBackground">
	<filename>images\brown-button.bmp</filename>
	<colorkey>#000000</colorkey>
	<stretchArea left=17 top=17 right=408 bottom=49 />
</image>

<window name="Overlay">
	<group name="UnknownKey">
		<label>
			<pos x=384 y=288 />
			<text>$(LastKey)</text>
			<font height=40 color="#FFFFFF" />
			<align horizontal="centre" vertical="centre" />
			<background>
				<image>BrownButton</image>
				<padding left=10 top=0 right=10 bottom=3 />
			</background>
		</label>
	</group>
	<group name="Channel">
		<label>
			<pos x=750 y=515 />
			<text>$(CurrentService)</text>
			<font height=40 color="#FFFFFF" />
			<align horizontal="right" vertical="bottom" />
			<background>
				<image>BrownButton</image>
				<padding left=10 top=0 right=10 bottom=3 />
			</background>
		</label>
		<label>
			<pos x=750 y=560 />
			<text>$(CurrentNetwork)</text>
			<font height=40 color="#FFFFFF" />
			<align horizontal="right" vertical="bottom" />
			<background>
				<image>BrownButton</image>
				<padding left=10 top=0 right=10 bottom=3 />
			</background>
		</label>
		<label>
			<pos x=750 y=10 />
			<text>$(CurrentDVBTCard)</text>
			<font height=20 weight=700 color="#FFFFFF" />
			<align horizontal="right" />
			<background>
				<image>BrownButton</image>
				<padding left=10 top=3 right=10 bottom=3 />
			</background>
		</label>
	</group>
	<group name="SignalStatus">
		<label>
			<pos x=750 y=40 />
			<text>Status = $(SignalLocked)</text>
			<align horizontal="right" />
			<font height=20 weight=700 color="#FFFFFF" />
			<background>
				<image>BrownButton</image>
				<padding left=10 top=3 right=10 bottom=3 />
			</background>
		</label>
		<label>
			<pos x=750 y=70 />
			<text>Strength = $(SignalStrength)%</text>
			<align horizontal="right" />
			<font height=20 weight=700 color="#FFFFFF" />
			<background>
				<image>BrownButton</image>
				<padding left=10 top=3 right=10 bottom=3 />
			</background>
		</label>
		<label>
			<pos x=750 y=100 />
			<text>Quality = $(SignalQuality)%</text>
			<align horizontal="right" />
			<font height=20 weight=700 color="#FFFFFF" />
			<background>
				<image>BrownButton</image>
				<padding left=10 top=3 right=10 bottom=3 />
			</background>
		</label>
	</group>
	<group name="Scanning">
		<label>
			<pos x=750 y=40 />
			<!--<text>Scanning</text>-->
			<font height=20 color="#FFFFFF" />
			<align horizontal="right" />
			<background>
				<image>BrownButton</image>
				<padding left=10 top=0 right=10 bottom=3 />
			</background>
		</label>
	</group>
	<group name="Time">
		<label>
			<pos x=20 y=526 />
			<text>$(Hour24):$(Minute):$(Second) $(AMPM)</text>
			<font height=20 weight=700 color="#FFFFFF" />
			<background>
				<image>BrownButton</image>
				<padding left=10 top=0 right=10 bottom=3 />
			</background>
		</label>
	</group>
	<group name="Position">
		<label>
			<pos x=20 y=526 />
			<text>$(PositionEarliest) - $(PositionCurrent) - $(PositionLatest)</text>
			<font height=20 weight=700 color="#FFFFFF" />
			<background>
				<image>BrownButton</image>
				<padding left=10 top=0 right=10 bottom=0 />
			</background>
		</label>
	</group>
	<group name="Recording">
		<label>
			<pos x=20 y=486 />
			<text>$(RecordingStatus)</text>
			<font height=20 weight=700 color="#FFFFFF" />
			<background>
				<image>BrownButton</image>
				<padding left=10 top=0 right=10 bottom=0 />
			</background>
		</label>
	</group>
	<group name="Warnings">
		<label>
			<pos x=20 y=456 />
			<text>$(warnings)</text>
			<font height=20 weight=700 color="#FFFFFF" />
			<background>
				<image>BrownButton</image>
				<padding left=10 top=0 right=10 bottom=0 />
			</background>
		</label>
	</group>
	<group name="RecordingIcon">
		<label>
			<pos x=20 y=426 />
			<text>$(Recordingicon)</text>
			<font height=20 weight=700 color="#FFFFFF" />
			<background>
				<image>BrownButton</image>
				<padding left=10 top=0 right=10 bottom=0 />
			</background>
		</label>
	</group>
	<!--
	<group name="VideoDecoder">
	</group>
	-->
	<!--
	<group name="AudioDecoder">
	</group>
	-->
	<!--
	<group name="Zoom">
	</group>
	-->
	<!--
	<group name="AlwaysOnTop">
	</group>
	-->
	<!--
	<group name="Fullscreen">
	</group>
	-->
	<!--
	<group name="Volume">
	</group>
	-->
	<!--
	<group name="Mute">
	</group>
	-->
	<!--
	<group name="Signal">
	</group>
	-->
	<!--
	<group name="NowAndNext">
	</group>
	-->
	<!--
	<group name="">
	</group>
	-->
	<!--
	<group name="">
	</group>
	-->
</window>

<window name="MainMenu">
	<keys>
		<Key code= 13>Select()</>
		<Key code= 37>Left()</>
		<Key code= 38>Up()</>
		<Key code= 39>Right()</>
		<Key code= 40>Down()</>
	</keys>
	<label>
		<pos x=384 y=40 />
		<text>Main Menu</text>
		<font height=40 weight=700 color="#FFFFFF" />
		<align horizontal="centre"/>
	</label>
	<button name="TV">
		<pos x=100 y=100 />
		<size width=568 height=60 />
		<text>Watch TV</text>
		<font height=40 weight=700 color="#FFFFFF" />
		<background>
			<image>BrownButton</image>
			<highlightImage>GreenButton</highlightImage>
		</background>
		<highlight default=1>
			<onSelect>
				ExitMenu(-1)
				SetSource(BDA)
			</onSelect>
			<onDown>#TSTV</onDown>
		</highlight>
	</button>
	
	<button name="TSTV">
		<pos x=100 y=170 />
		<size width=568 height=60 />
		<text>Timeshift TV</text>
		<font height=40 weight=700 color="#FFFFFF" />
		<background>
			<image>BrownButton</image>
			<highlightImage>GreenButton</highlightImage>
		</background>
		<highlight>
			<onSelect>
				ExitMenu(-1)
				SetSource(BDATimeShift)
			</onSelect>
			<onUp>#TV</onUp>
			<onDown>#Multicast</onDown>
		</highlight>
	</button>

	<button name="Multicast">
		<pos x=100 y=240 />
		<size width=568 height=60 />
		<text>Multicasting</text>
		<font height=40 weight=700 color="#FFFFFF" />
		<background>
			<image>BrownButton</image>
			<highlightImage>GreenButton</highlightImage>
		</background>
		<highlight>
			<onSelect>
				ExitMenu(-1)
				ShowMenu(MulticastMenu)
			</onSelect>
			<onUp>#TSTV</onUp>
			<onDown>#File</onDown>
		</highlight>
	</button>

	<button name="File">
		<pos x=100 y=310 />
		<size width=568 height=60 />
		<text>Play File</text>
		<font height=40 weight=700 color="#FFFFFF" />
		<background>
			<image>BrownButton</image>
			<highlightImage>GreenButton</highlightImage>
		</background>
		<highlight>
			<onSelect>
				ExitMenu(-1)
				SetSource(TSFileSource)
			</onSelect>
			<onUp>#Multicast</onUp>
			<onDown>#AppSettings</onDown>
		</highlight>
	</button>

	<button name="AppSettings">
		<pos x=100 y=380 />
		<size width=568 height=60 />
		<text>Settings</text>
		<font height=40 weight=700 color="#FFFFFF" />
		<background>
			<image>BrownButton</image>
			<highlightImage>GreenButton</highlightImage>
		</background>
		<highlight>
			<onSelect>
				ExitMenu(-1)
				ShowMenu(AppSetup)
			</onSelect>
			<onUp>#File</onUp>
			<onDown>#Exit</onDown>
		</highlight>
	</button>

	<button name="Exit">
		<pos x=100 y=450 />
		<size width=568 height=60 />
		<text>Exit</text>
		<font height=40 weight=700 color="#FFFFFF" />
		<background>
			<image>BrownButton</image>
			<highlightImage>GreenButton</highlightImage>
		</background>
		<highlight>
			<onSelect>
				Exit()
			</onSelect>
			<onUp>#AppSettings</onUp>
		</highlight>
	</button>
</window>


<!--
<window name="MainMenu">
	<keys>
		<Key code= 13>Select()</>
		<Key code= 37>Left()</>
		<Key code= 38>Up()</>
		<Key code= 39>Right()</>
		<Key code= 40>Down()</>
	</keys>
	<label>
		<pos x=384 y=40 />
		<text>Main Menu</text>
		<font height=40 weight=700 color="#FFFFFF" />
		<align horizontal="centre"/>
	</label>
	<list name="MenuOptions">
		<pos x=100 y=100 />
		<size width=568 height=426 />

		<itemTemplate>
			<height>60</height>
			<gap>10</gap>
			<font height=40 weight=700 color="#FFFFFF" />
			<align horizontal="centre"/>
			<background>
				<image>BrownButton</image>
				<highlightImage>GreenButton</highlightImage>
			</background>
		</itemTemplate>

		<item>
			<text>Watch TV</text>
			<onSelect>
				ExitMenu(-1)
				SetSource(BDA)
			</onSelect>
		</item>

		<item>
			<text>TimeShift TV</text>
			<onSelect>
				ExitMenu(-1)
				SetSource(BDATimeShift)
			</onSelect>
		</item>

		<item>
			<text>Play File</text>
			<onSelect>
				ExitMenu(-1)
				SetSource(TSFileSource)
			</onSelect>
		</item>

		<item>
			<text>Exit</text>
			<onSelect>Exit()</onSelect>
		</item>
	</list>
</window>
-->

<window name="TVMenu">
	<keys>
		<Key code= 13>Select()</>
		<Key code= 37>Left()</>
		<Key code= 38>Up()</>
		<Key code= 39>Right()</>
		<Key code= 40>Down()</>
	</keys>
	<label>
		<pos x=384 y=40 />
		<text>TV Menu</text>
		<font height=40 weight=700 color="#FFFFFF" />
		<align horizontal="centre"/>
	</label>
	<list name="MenuOptions">
		<pos x=100 y=100 />
		<size width=568 height=426 />

		<itemTemplate>
			<height>60</height>
			<gap>10</gap>
			<font height=40 weight=700 color="#FFFFFF" />
			<align horizontal="centre"/>
			<background>
				<image>BrownButton</image>
				<highlightImage>GreenButton</highlightImage>
			</background>
		</itemTemplate>

		<item>
			<text>Channel Setup</text>
			<onSelect>
				ExitMenu(-1)
				ShowMenu(TVChannelSetup)
			</onSelect>
		</item>

		<item>
			<text>Settings</text>
			<onSelect>
				ExitMenu(-1)
				ShowMenu("AppSetup")
			</onSelect>
		</item>

		<item>
			<text>Main Menu</text>
			<onSelect>
				ExitMenu(-1)
				ShowMenu("MainMenu")
			</onSelect>
		</item>
	</list>
</window>

<window name="MulticastMenu">
	<keys>
		<Key code= 13>Select()</>
		<Key code= 37>ExitMenu(-1) ShowMenu("MainMenu")</>
		<Key code= 38>Up()</>
		<Key code= 39>Select()</>
		<Key code= 40>Down()</>
	</keys>

	<label>
		<pos x=384 y=40 />
		<text>Multicasting Sources</text>
		<font height=40 weight=700 color="#FFFFFF" />
		<align horizontal="centre"/>
	</label>

	<list name="MulticastMenuOptions">
		<pos x=10 y=100 />
		<size width=300 height=400 />
	
		<itemTemplate>
			<height>40</height>
			<gap>5</gap>
			<font height=30 weight=700 color="#FFFFFF" />
			<align horizontal="left"/>
			<background>
				<image>BrownButton</image>
				<highlightImage>GreenButton</highlightImage>
			</background>
		</itemTemplate>

		<itemList>
			<source>MulticastInfo</source>
			<text> $(MulticastInfo.Name)</text>
			<onSelect>SetSource(TSFileSource, $(MulticastInfo.Address))ShowMenu("MulticastMenu")</onSelect>
		</itemList>
	</list>
</window>

<window name="AppSetup">
	<keys>
		<Key code= 13>Select()</>
		<Key code= 37>ExitMenu(-1) ShowMenu("MainMenu")</>
		<Key code= 38>Up()</>
		<Key code= 39>Right()</>
		<Key code= 40>Down()</>
	</keys>

	<label>
		<pos x=384 y=40 />
		<text>DigitalWatch Settings</text>
		<font height=40 weight=700 color="#FFFFFF" />
		<align horizontal="centre"/>
	</label>

	<list name="SettingsOptions">
		<pos x=10 y=100 />
		<size width=200 height=400 />
		
		<itemTemplate>
			<height>40</height>
			<gap>5</gap>
			<font height=30 weight=700 color="#FFFFFF" />
			<align horizontal="left"/>
			<background>
				<image>BrownButton</image>
				<highlightImage>GreenButton</highlightImage>
			</background>
		</itemTemplate>

		<item>
			<height>40</height>
			<gap>10</gap>
			<font height=30 weight=700 color="#FFFFFF" />
			<text> Global</text>
			<onSelect>ShowMenu(GlobalSetup)</onSelect>
			<onRight>ShowMenu(GlobalSetup)</onRight>
		</item>

		<item>
			<height>40</height>
			<gap>10</gap>
			<font height=30 weight=700 color="#FFFFFF" />
			<text> Capture</text>
			<onSelect>ShowMenu(CaptureSetup)</onSelect>
			<onRight>ShowMenu(CaptureSetup)</onRight>
		</item>

		<item>
			<height>40</height>
			<gap>10</gap>
			<font height=30 weight=700 color="#FFFFFF" />
			<text> TimeShift</text>
			<onSelect>ShowMenu(TimeShiftSetup)</onSelect>
			<onRight>ShowMenu(TimeShiftSetup)</onRight>
		</item>

		<item>
			<height>40</height>
			<gap>10</gap>
			<font height=30 weight=700 color="#FFFFFF" />
			<text> DSNetwork</text>
			<onSelect>ShowMenu(DSNetworkSetup)</onSelect>
			<onRight>ShowMenu(DSNetworkSetup)</onRight>
		</item>

		<item>
			<height>40</height>
			<gap>10</gap>
			<font height=30 weight=700 color="#FFFFFF" />
			<text> DVB-T Devices</text>
			<onSelect>ShowMenu(DVBTDeviceSetup)</onSelect>
			<onRight>ShowMenu(DVBTDeviceSetup)</onRight>
		</item>

		<item>
			<height>40</height>
			<gap>10</gap>
			<font height=30 weight=700 color="#FFFFFF" />
			<text> A - V Decoders</text>
			<onSelect>ShowMenu(DecoderSetup)</onSelect>
			<onRight>ShowMenu(DecoderSetup)</onRight>
		</item>

		<item>
			<height>40</height>
			<gap>10</gap>
			<font height=30 weight=700 color="#FFFFFF" />
			<text> Main Menu</text>
			<onSelect>ExitMenu(-1) ShowMenu("MainMenu")</onSelect>
		</item>
	</list>

</window>

<window name="GlobalSetup">
	<keys>
		<Key code= 13>Select()</>
		<Key code= 37>ExitMenu(-1) ShowMenu("AppSetup")</>
		<Key code= 38>Up()</>
		<Key code= 39>Select()</>
		<Key code= 40>Down()</>
	</keys>

	<list name="GlobalOptions">
		<pos x=240 y=100 />
		<size width=290 height=400 />
		
		<itemTemplate>
			<height>40</height>
			<gap>5</gap>
			<font height=30 weight=700 color="#FFFFFF" />
			<align horizontal="left"/>
			<background>
				<image>BrownButton</image>
				<highlightImage>GreenButton</highlightImage>
			</background>
		</itemTemplate>

		<item>
			<height>40</height>
			<gap>10</gap>
			<font height=30 weight=700 color="#FFFFFF" />
			<text> Multiple Instances</text>
			<onSelect>ShowMenu("Multiple")</onSelect>
			<onRight>ShowMenu("Multiple")</onRight>
		</item>

		<item>
			<height>40</height>
			<gap>10</gap>
			<font height=30 weight=700 color="#FFFFFF" />
			<text> Disable Screen Saver</text>
			<onSelect>ShowMenu("ScreenSaver")</onSelect>
			<onRight>ShowMenu("ScreenSaver")</onRight>
		</item>

		<item>
			<height>40</height>
			<gap>10</gap>
			<font height=30 weight=700 color="#FFFFFF" />
			<text> Application Priority</text>
			<onSelect>ShowMenu("Priority")</onSelect>
			<onRight>ShowMenu("Priority")</onRight>
		</item>

		<item>
			<height>40</height>
			<gap>10</gap>
			<font height=30 weight=700 color="#FFFFFF" />
			<text> Add Graph To ROT</text>
			<onSelect>ShowMenu("AddToROT")</onSelect>
			<onRight>ShowMenu("AddToROT")</onRight>
		</item>

		<item>
			<height>40</height>
			<gap>10</gap>
			<font height=30 weight=700 color="#FFFFFF" />
			<text> Multiple Cards</text>
			<onSelect>ShowMenu("MultiCards")</onSelect>
			<onRight>ShowMenu("MultiCards")</onRight>
		</item>

		<item>
			<height>40</height>
			<gap>10</gap>
			<font height=30 weight=700 color="#FFFFFF" />
			<text> Cycle Cards</text>
			<onSelect>ShowMenu("CycleCards")</onSelect>
			<onRight>ShowMenu("CycleCards")</onRight>
		</item>

		<item>
			<height>40</height>
			<gap>10</gap>
			<font height=30 weight=700 color="#FFFFFF" />
			<text> Channel Zapping</text>
			<onSelect>ShowMenu("Zapping")</onSelect>
			<onRight>ShowMenu("Zapping")</onRight>
		</item>

		<item>
			<height>40</height>
			<gap>10</gap>
			<font height=30 weight=700 color="#FFFFFF" />
			<text> Remember Last Service</text>
			<onSelect>ShowMenu("RememberLastService")</onSelect>
			<onRight>ShowMenu("RememberLastService")</onRight>
		</item>

		<item>
			<height>40</height>
			<gap>10</gap>
			<font height=30 weight=700 color="#FFFFFF" />
			<text> Remember Last Time</text>
			<onSelect>ShowMenu("ResumeLastTime")</onSelect>
			<onRight>ShowMenu("ResumeLastTime")</onRight>
		</item>

		<item>
			<height>40</height>
			<gap>10</gap>
			<font height=30 weight=700 color="#FFFFFF" />
			<text> Long Network Name</text>
			<onSelect>ShowMenu("LongNetworkName")</onSelect>
			<onRight>ShowMenu("LongNetworkName")</onRight>
		</item>

		<item>
			<height>40</height>
			<gap>10</gap>
			<font height=30 weight=700 color="#FFFFFF" />
			<text> Re-Order Channels</text>
			<onSelect>ShowMenu("OrderChannels")</onSelect>
			<onRight>ShowMenu("OrderChannels")</onRight>
		</item>

		<item>
			<height>40</height>
			<gap>10</gap>
			<font height=30 weight=700 color="#FFFFFF" />
			<text> Enable Decoder Test</text>
			<onSelect>ShowMenu("DecoderTest")</onSelect>
			<onRight>ShowMenu("DecoderTest")</onRight>
		</item>

		<item>
			<height>40</height>
			<gap>10</gap>
			<font height=30 weight=700 color="#FFFFFF" />
			<text> Enable Signal Test</text>
			<onSelect>ShowMenu("SignalTest")</onSelect>
			<onRight>ShowMenu("SignalTest")</onRight>
		</item>

		<item>
			<height>40</height>
			<gap>10</gap>
			<font height=30 weight=700 color="#FFFFFF" />
			<text> Start With Full Screen</text>
			<onSelect>ShowMenu("StartFullscreen")</onSelect>
			<onRight>ShowMenu("StartFullscreen")</onRight>
		</item>

		<item>
			<height>40</height>
			<gap>10</gap>
			<font height=30 weight=700 color="#FFFFFF" />
			<text> Start Always On Top</text>
			<onSelect>ShowMenu("StartAlwaysOnTop")</onSelect>
			<onRight>ShowMenu("StartAlwaysOnTop")</onRight>
		</item>

		<item>
			<height>40</height>
			<gap>10</gap>
			<font height=30 weight=700 color="#FFFFFF" />
			<text> Start Last Window Pos</text>
			<onSelect>ShowMenu("StartAtLastWindowPosition")</onSelect>
			<onRight>ShowMenu("StartAtLastWindowPosition")</onRight>
		</item>

		<item>
			<height>40</height>
			<gap>10</gap>
			<font height=30 weight=700 color="#FFFFFF" />
			<text> Start Last Window Size</text>
			<onSelect>ShowMenu("StartWithLastWindowSize")</onSelect>
			<onRight>ShowMenu("StartWithLastWindowSize")</onRight>
		</item>

		<item>
			<height>40</height>
			<gap>10</gap>
			<font height=30 weight=700 color="#FFFFFF" />
			<text> Remember Full Screen</text>
			<onSelect>ShowMenu("RememberFullscreenState")</onSelect>
			<onRight>ShowMenu("RememberFullscreenState")</onRight>
		</item>

		<item>
			<height>40</height>
			<gap>10</gap>
			<font height=30 weight=700 color="#FFFFFF" />
			<text> Remember On Top</text>
			<onSelect>ShowMenu("RememberAlwaysOnTopState")</onSelect>
			<onRight>ShowMenu("RememberAlwaysOnTopState")</onRight>
		</item>

		<item>
			<height>40</height>
			<gap>10</gap>
			<font height=30 weight=700 color="#FFFFFF" />
			<text> Remember Window Position</text>
			<onSelect>ShowMenu("RememberWindowPosition")</onSelect>
			<onRight>ShowMenu("RememberWindowPosition")</onRight>
		</item>

		<item>
			<height>40</height>
			<gap>10</gap>
			<font height=30 weight=700 color="#FFFFFF" />
			<text> Quiet When Minimised</text>
			<onSelect>ShowMenu("QuietWhenMinimised")</onSelect>
			<onRight>ShowMenu("QuietWhenMinimised")</onRight>
		</item>

		<item>
			<height>40</height>
			<gap>10</gap>
			<font height=30 weight=700 color="#FFFFFF" />
			<text> Close Buffers On Minimised</text>
			<onSelect>ShowMenu("CloseBuffersWhenMinimised")</onSelect>
			<onRight>ShowMenu("CloseBuffersWhenMinimised")</onRight>
		</item>

		<item>
			<height>40</height>
			<gap>10</gap>
			<font height=30 weight=700 color="#FFFFFF" />
			<text> Start With Audio Muted</text>
			<onSelect>ShowMenu("StartWithAudioMuted")</onSelect>
			<onRight>ShowMenu("StartWithAudioMuted")</onRight>
		</item>

		<item>
			<height>40</height>
			<gap>10</gap>
			<font height=30 weight=700 color="#FFFFFF" />
			<text> Aspect Ratio Override</text>
			<onSelect>ShowMenu("AspectRatioOverride")</onSelect>
			<onRight>ShowMenu("AspectRatioOverride")</onRight>
		</item>
	</list>

</window>

<window name="Multiple">
	<keys>
		<Key code= 13>Select()</>
		<Key code= 37>ExitMenu(-1) ShowMenu("AppSetup") ShowMenu("GlobalSetup") </>
		<Key code= 38>Up()</>
		<Key code= 39>right()</>
		<Key code= 40>Down()</>
	</keys>

	<list name="MultipleOptions">
		<pos x=560 y=100 />
		<size width=200 height=400 />
		<selection>settings.application.multiple</selection>

		<itemTemplate>
			<height>40</height>
			<gap>5</gap>
			<font height=30 weight=700 color="#FFFFFF" />
			<align horizontal="left"/>
			<background>
				<image>BrownButton</image>
				<highlightImage>GreenButton</highlightImage>
				<selectedImage>SelectedButton</SelectedImage>
			</background>
		</itemTemplate>

		<item>
			<height>40</height>
			<gap>10</gap>
			<font height=30 weight=700 color="#FFFFFF" />
			<text> True</text>
			<onSelect>SetMultiple("True") ShowMenu("Multiple")</onSelect>
		</item>

		<item>
			<height>40</height>
			<gap>10</gap>
			<font height=30 weight=700 color="#FFFFFF" />
			<text> False</text>
			<onSelect>SetMultiple("False") ShowMenu("Multiple")</onSelect>
		</item>
	</list>

</window>

<window name="ScreenSaver">
	<keys>
		<Key code= 13>Select()</>
		<Key code= 37>ExitMenu(-1) ShowMenu("AppSetup") ShowMenu("GlobalSetup") </>
		<Key code= 38>Up()</>
		<Key code= 39>right()</>
		<Key code= 40>Down()</>
	</keys>

	<list name="ScreenSaverOptions">
		<pos x=560 y=100 />
		<size width=200 height=400 />
		<selection>settings.application.disableScreenSaver</selection>

		<itemTemplate>
			<height>40</height>
			<gap>5</gap>
			<font height=30 weight=700 color="#FFFFFF" />
			<align horizontal="left"/>
			<background>
				<image>BrownButton</image>
				<highlightImage>GreenButton</highlightImage>
				<selectedImage>SelectedButton</SelectedImage>
			</background>
		</itemTemplate>

		<item>
			<height>40</height>
			<gap>10</gap>
			<font height=30 weight=700 color="#FFFFFF" />
			<text> True</text>
			<onSelect>SetDisableScreenSaver("True") ShowMenu("ScreenSaver")</onSelect>
		</item>

		<item>
			<height>40</height>
			<gap>10</gap>
			<font height=30 weight=700 color="#FFFFFF" />
			<text> False</text>
			<onSelect>SetDisableScreenSaver("False") ShowMenu("ScreenSaver")</onSelect>
		</item>
	</list>

</window>

<window name="Priority">
	<keys>
		<Key code= 13>Select()</>
		<Key code= 37>ExitMenu(-1) ShowMenu("AppSetup") ShowMenu("GlobalSetup") </>
		<Key code= 38>Up()</>
		<Key code= 39>right()</>
		<Key code= 40>Down()</>
	</keys>

	<list name="PriorityOptions">
		<pos x=560 y=100 />
		<size width=200 height=400 />
		<selection>settings.application.priority</selection>

		<itemTemplate>
			<height>40</height>
			<gap>5</gap>
			<font height=30 weight=700 color="#FFFFFF" />
			<align horizontal="left"/>
			<background>
				<image>BrownButton</image>
				<highlightImage>GreenButton</highlightImage>
				<selectedImage>SelectedButton</SelectedImage>
			</background>
		</itemTemplate>

		<item>
			<height>40</height>
			<gap>10</gap>
			<font height=30 weight=700 color="#FFFFFF" />
			<text> Realtime</text>
			<onSelect>SetPriority("Realtime") ShowMenu("Priority")</onSelect>
		</item>

		<item>
			<height>40</height>
			<gap>10</gap>
			<font height=30 weight=700 color="#FFFFFF" />
			<text> High</text>
			<onSelect>SetPriority("High") ShowMenu("Priority")</onSelect>
		</item>

		<item>
			<height>40</height>
			<gap>10</gap>
			<font height=30 weight=700 color="#FFFFFF" />
			<text> AboveNormal</text>
			<onSelect>SetPriority("AboveNormal") ShowMenu("Priority")</onSelect>
		</item>

		<item>
			<height>40</height>
			<gap>10</gap>
			<font height=30 weight=700 color="#FFFFFF" />
			<text> Normal.</text>
			<onSelect>SetPriority("Normal") ShowMenu("Priority")</onSelect>
		</item>

		<item>
			<height>40</height>
			<gap>10</gap>
			<font height=30 weight=700 color="#FFFFFF" />
			<text> BelowNormal</text>
			<onSelect>SetPriority("BelowNormal") ShowMenu("Priority")</onSelect>
		</item>

		<item>
			<height>40</height>
			<gap>10</gap>
			<font height=30 weight=700 color="#FFFFFF" />
			<text> Low</text>
			<onSelect>SetPriority("Low") ShowMenu("Priority")</onSelect>
		</item>
	</list>

</window>

<window name="AddToROT">
	<keys>
		<Key code= 13>Select()</>
		<Key code= 37>ExitMenu(-1) ShowMenu("AppSetup") ShowMenu("GlobalSetup") </>
		<Key code= 38>Up()</>
		<Key code= 39>right()</>
		<Key code= 40>Down()</>
	</keys>

	<list name="AddToROTOptions">
		<pos x=560 y=100 />
		<size width=200 height=400 />
		<selection>settings.application.addToROT</selection>

		<itemTemplate>
			<height>40</height>
			<gap>5</gap>
			<font height=30 weight=700 color="#FFFFFF" />
			<align horizontal="left"/>
			<background>
				<image>BrownButton</image>
				<highlightImage>GreenButton</highlightImage>
				<selectedImage>SelectedButton</SelectedImage>
			</background>
		</itemTemplate>

		<item>
			<height>40</height>
			<gap>10</gap>
			<font height=30 weight=700 color="#FFFFFF" />
			<text> True</text>
			<onSelect>SetAddToROT("True") ShowMenu("AddToROT")</onSelect>
		</item>

		<item>
			<height>40</height>
			<gap>10</gap>
			<font height=30 weight=700 color="#FFFFFF" />
			<text> False</text>
			<onSelect>SetAddToROT("False") ShowMenu("AddToROT")</onSelect>
		</item>
	</list>

</window>

<window name="MultiCards">
	<keys>
		<Key code= 13>Select()</>
		<Key code= 37>ExitMenu(-1) ShowMenu("AppSetup") ShowMenu("GlobalSetup") </>
		<Key code= 38>Up()</>
		<Key code= 39>right()</>
		<Key code= 40>Down()</>
	</keys>

	<list name="MultiCardOptions">
		<pos x=560 y=100 />
		<size width=200 height=400 />
		<selection>settings.application.multicard</selection>
		
		<itemTemplate>
			<height>40</height>
			<gap>5</gap>
			<font height=30 weight=700 color="#FFFFFF" />
			<align horizontal="left"/>
			<background>
				<image>BrownButton</image>
				<highlightImage>GreenButton</highlightImage>
				<selectedImage>SelectedButton</SelectedImage>
			</background>
		</itemTemplate>

		<item>
			<height>40</height>
			<gap>10</gap>
			<font height=30 weight=700 color="#FFFFFF" />
			<text> True</text>
			<onSelect>SetMultiCard("True") ShowMenu("MultiCards")</onSelect>
		</item>

		<item>
			<height>40</height>
			<gap>10</gap>
			<font height=30 weight=700 color="#FFFFFF" />
			<text> False</text>
			<onSelect>SetMultiCard("False") ShowMenu("MultiCards")</onSelect>
		</item>
	</list>

</window>

<window name="CycleCards">
	<keys>
		<Key code= 13>Select()</>
		<Key code= 37>ExitMenu(-1) ShowMenu("AppSetup") ShowMenu("GlobalSetup") </>
		<Key code= 38>Up()</>
		<Key code= 39>right()</>
		<Key code= 40>Down()</>
	</keys>

	<list name="CycleCardOptions">
		<pos x=560 y=100 />
		<size width=200 height=400 />
		<selection>settings.application.cyclecards</selection>
		
		<itemTemplate>
			<height>40</height>
			<gap>5</gap>
			<font height=30 weight=700 color="#FFFFFF" />
			<align horizontal="left"/>
			<background>
				<image>BrownButton</image>
				<highlightImage>GreenButton</highlightImage>
				<selectedImage>SelectedButton</SelectedImage>
			</background>
		</itemTemplate>

		<item>
			<height>40</height>
			<gap>10</gap>
			<font height=30 weight=700 color="#FFFFFF" />
			<text> True</text>
			<onSelect>SetCycleCards("True") ShowMenu("CycleCards")</onSelect>
		</item>

		<item>
			<height>40</height>
			<gap>10</gap>
			<font height=30 weight=700 color="#FFFFFF" />
			<text> False</text>
			<onSelect>SetCycleCards("False") ShowMenu("CycleCards")</onSelect>
		</item>
	</list>

</window>

<window name="Zapping">
	<keys>
		<Key code= 13>Select()</>
		<Key code= 37>ExitMenu(-1) ShowMenu("AppSetup") ShowMenu("GlobalSetup") </>
		<Key code= 38>Up()</>
		<Key code= 39>right()</>
		<Key code= 40>Down()</>
	</keys>

	<list name="CycleCardOptions">
		<pos x=560 y=100 />
		<size width=200 height=400 />
		<selection>settings.application.zapping</selection>
		
		<itemTemplate>
			<height>40</height>
			<gap>5</gap>
			<font height=30 weight=700 color="#FFFFFF" />
			<align horizontal="left"/>
			<background>
				<image>BrownButton</image>
				<highlightImage>GreenButton</highlightImage>
				<selectedImage>SelectedButton</SelectedImage>
			</background>
		</itemTemplate>

		<item>
			<height>40</height>
			<gap>10</gap>
			<font height=30 weight=700 color="#FFFFFF" />
			<text> True</text>
			<onSelect>SetZapping("True") ShowMenu("Zapping")</onSelect>
		</item>

		<item>
			<height>40</height>
			<gap>10</gap>
			<font height=30 weight=700 color="#FFFFFF" />
			<text> False</text>
			<onSelect>SetZapping("False") ShowMenu("Zapping")</onSelect>
		</item>
	</list>

</window>

<window name="RememberLastService">
	<keys>
		<Key code= 13>Select()</>
		<Key code= 37>ExitMenu(-1) ShowMenu("AppSetup") ShowMenu("GlobalSetup") </>
		<Key code= 38>Up()</>
		<Key code= 39>right()</>
		<Key code= 40>Down()</>
	</keys>

	<list name="RememberLastServiceOptions">
		<pos x=560 y=100 />
		<size width=200 height=400 />
		<selection>settings.application.rememberLastService</selection>
		
		<itemTemplate>
			<height>40</height>
			<gap>5</gap>
			<font height=30 weight=700 color="#FFFFFF" />
			<align horizontal="left"/>
			<background>
				<image>BrownButton</image>
				<highlightImage>GreenButton</highlightImage>
				<selectedImage>SelectedButton</SelectedImage>
			</background>
		</itemTemplate>

		<item>
			<height>40</height>
			<gap>10</gap>
			<font height=30 weight=700 color="#FFFFFF" />
			<text> True</text>
			<onSelect>SetRememberLastService("True") ShowMenu("RememberLastService")</onSelect>
		</item>

		<item>
			<height>40</height>
			<gap>10</gap>
			<font height=30 weight=700 color="#FFFFFF" />
			<text> False</text>
			<onSelect>SetRememberLastService("False") ShowMenu("RememberLastService")</onSelect>
		</item>
	</list>

</window>

<window name="ResumeLastTime">
	<keys>
		<Key code= 13>Select()</>
		<Key code= 37>ExitMenu(-1) ShowMenu("AppSetup") ShowMenu("GlobalSetup") </>
		<Key code= 38>Up()</>
		<Key code= 39>right()</>
		<Key code= 40>Down()</>
	</keys>

	<list name="ResumeLastTimeOptions">
		<pos x=560 y=100 />
		<size width=200 height=400 />
		<selection>settings.application.ResumeLastTime</selection>
		
		<itemTemplate>
			<height>40</height>
			<gap>5</gap>
			<font height=30 weight=700 color="#FFFFFF" />
			<align horizontal="left"/>
			<background>
				<image>BrownButton</image>
				<highlightImage>GreenButton</highlightImage>
				<selectedImage>SelectedButton</SelectedImage>
			</background>
		</itemTemplate>

		<item>
			<height>40</height>
			<gap>10</gap>
			<font height=30 weight=700 color="#FFFFFF" />
			<text> True</text>
			<onSelect>SetResumeLastTime("True") ShowMenu("ResumeLastTime")</onSelect>
		</item>

		<item>
			<height>40</height>
			<gap>10</gap>
			<font height=30 weight=700 color="#FFFFFF" />
			<text> False</text>
			<onSelect>SetResumeLastTime("False") ShowMenu("ResumeLastTime")</onSelect>
		</item>
	</list>

</window>

<window name="LongNetworkName">OrderChannels
	<keys>
		<Key code= 13>Select()</>
		<Key code= 37>ExitMenu(-1) ShowMenu("AppSetup") ShowMenu("GlobalSetup") </>
		<Key code= 38>Up()</>
		<Key code= 39>right()</>
		<Key code= 40>Down()</>
	</keys>

	<list name="LongNetworkNameOptions">
		<pos x=560 y=100 />
		<size width=200 height=400 />
		<selection>settings.application.longNetworkName</selection>
		
		<itemTemplate>
			<height>40</height>
			<gap>5</gap>
			<font height=30 weight=700 color="#FFFFFF" />
			<align horizontal="left"/>
			<background>
				<image>BrownButton</image>
				<highlightImage>GreenButton</highlightImage>
				<selectedImage>SelectedButton</SelectedImage>
			</background>
		</itemTemplate>

		<item>
			<height>40</height>
			<gap>10</gap>
			<font height=30 weight=700 color="#FFFFFF" />
			<text> True</text>
			<onSelect>SetLongNetworkName("True") ShowMenu("LongNetworkName")</onSelect>
		</item>

		<item>
			<height>40</height>
			<gap>10</gap>
			<font height=30 weight=700 color="#FFFFFF" />
			<text> False</text>
			<onSelect>SetLongNetworkName("False") ShowMenu("LongNetworkName")</onSelect>
		</item>
	</list>

</window>

<window name="OrderChannels">
	<keys>
		<Key code= 13>Select()</>
		<Key code= 37>ExitMenu(-1) ShowMenu("AppSetup") ShowMenu("GlobalSetup") </>
		<Key code= 38>Up()</>
		<Key code= 39>right()</>
		<Key code= 40>Down()</>
	</keys>

	<list name="OrderChannelsOptions">
		<pos x=560 y=100 />
		<size width=200 height=400 />
		<selection>settings.application.orderChannels</selection>
		
		<itemTemplate>
			<height>40</height>
			<gap>5</gap>
			<font height=30 weight=700 color="#FFFFFF" />
			<align horizontal="left"/>
			<background>
				<image>BrownButton</image>
				<highlightImage>GreenButton</highlightImage>
				<selectedImage>SelectedButton</SelectedImage>
			</background>
		</itemTemplate>

		<item>
			<height>40</height>
			<gap>10</gap>
			<font height=30 weight=700 color="#FFFFFF" />
			<text> True</text>
			<onSelect>SetOrderChannels("True") ShowMenu("OrderChannels")</onSelect>
		</item>

		<item>
			<height>40</height>
			<gap>10</gap>
			<font height=30 weight=700 color="#FFFFFF" />
			<text> False</text>
			<onSelect>SetOrderChannels("False") ShowMenu("OrderChannels")</onSelect>
		</item>
	</list>

</window>

<window name="DecoderTest">
	<keys>
		<Key code= 13>Select()</>
		<Key code= 37>ExitMenu(-1) ShowMenu("AppSetup") ShowMenu("GlobalSetup") </>
		<Key code= 38>Up()</>
		<Key code= 39>right()</>
		<Key code= 40>Down()</>
	</keys>

	<list name="DecoderTestOptions">
		<pos x=560 y=100 />
		<size width=200 height=400 />
		<selection>settings.application.decoderTest</selection>
		
		<itemTemplate>
			<height>40</height>
			<gap>5</gap>
			<font height=30 weight=700 color="#FFFFFF" />
			<align horizontal="left"/>
			<background>
				<image>BrownButton</image>
				<highlightImage>GreenButton</highlightImage>
				<selectedImage>SelectedButton</SelectedImage>
			</background>
		</itemTemplate>

		<item>
			<height>40</height>
			<gap>10</gap>
			<font height=30 weight=700 color="#FFFFFF" />
			<text> True</text>
			<onSelect>SetDecoderTest("True") ShowMenu("DecoderTest")</onSelect>
		</item>

		<item>
			<height>40</height>
			<gap>10</gap>
			<font height=30 weight=700 color="#FFFFFF" />
			<text> False</text>
			<onSelect>SetDecoderTest("False") ShowMenu("DecoderTest")</onSelect>
		</item>
	</list>

</window>

<window name="SignalTest">
	<keys>
		<Key code= 13>Select()</>
		<Key code= 37>ExitMenu(-1) ShowMenu("AppSetup") ShowMenu("GlobalSetup") </>
		<Key code= 38>Up()</>
		<Key code= 39>right()</>
		<Key code= 40>Down()</>
	</keys>

	<list name="SignalTestOptions">
		<pos x=560 y=100 />
		<size width=200 height=400 />
		<selection>settings.application.signalCheck</selection>
		
		<itemTemplate>
			<height>40</height>
			<gap>5</gap>
			<font height=30 weight=700 color="#FFFFFF" />
			<align horizontal="left"/>
			<background>
				<image>BrownButton</image>
				<highlightImage>GreenButton</highlightImage>
				<selectedImage>SelectedButton</SelectedImage>
			</background>
		</itemTemplate>

		<item>
			<height>40</height>
			<gap>10</gap>
			<font height=30 weight=700 color="#FFFFFF" />
			<text> True</text>
			<onSelect>SetSignalCheck("True") ShowMenu("SignalTest")</onSelect>
		</item>

		<item>
			<height>40</height>
			<gap>10</gap>
			<font height=30 weight=700 color="#FFFFFF" />
			<text> False</text>
			<onSelect>SetSignalCheck("False") ShowMenu("SignalTest")</onSelect>
		</item>
	</list>

</window>

<window name="StartFullscreen">
	<keys>
		<Key code= 13>Select()</>
		<Key code= 37>ExitMenu(-1) ShowMenu("AppSetup") ShowMenu("GlobalSetup") </>
		<Key code= 38>Up()</>
		<Key code= 39>right()</>
		<Key code= 40>Down()</>
	</keys>

	<list name="StartFullscreenOptions">
		<pos x=560 y=100 />
		<size width=200 height=400 />
		<selection>settings.window.startFullscreen</selection>

		<itemTemplate>
			<height>40</height>
			<gap>5</gap>
			<font height=30 weight=700 color="#FFFFFF" />
			<align horizontal="left"/>
			<background>
				<image>BrownButton</image>
				<highlightImage>GreenButton</highlightImage>
				<selectedImage>SelectedButton</SelectedImage>
			</background>
		</itemTemplate>

		<item>
			<height>40</height>
			<gap>10</gap>
			<font height=30 weight=700 color="#FFFFFF" />
			<text> True</text>
			<onSelect>SetStartFullscreen("True") ShowMenu("StartFullscreen")</onSelect>
		</item>

		<item>
			<height>40</height>
			<gap>10</gap>
			<font height=30 weight=700 color="#FFFFFF" />
			<text> False</text>
			<onSelect>SetStartFullscreen("False") ShowMenu("StartFullscreen")</onSelect>
		</item>
	</list>

</window>

<window name="StartAlwaysOnTop">
	<keys>
		<Key code= 13>Select()</>
		<Key code= 37>ExitMenu(-1) ShowMenu("AppSetup") ShowMenu("GlobalSetup") </>
		<Key code= 38>Up()</>
		<Key code= 39>right()</>
		<Key code= 40>Down()</>
	</keys>

	<list name="StartAlwaysOnTopOptions">
		<pos x=560 y=100 />
		<size width=200 height=400 />
		<selection>settings.window.startAlwaysOnTop</selection>

		<itemTemplate>
			<height>40</height>
			<gap>5</gap>
			<font height=30 weight=700 color="#FFFFFF" />
			<align horizontal="left"/>
			<background>
				<image>BrownButton</image>
				<highlightImage>GreenButton</highlightImage>
				<selectedImage>SelectedButton</SelectedImage>
			</background>
		</itemTemplate>

		<item>
			<height>40</height>
			<gap>10</gap>
			<font height=30 weight=700 color="#FFFFFF" />
			<text> True</text>
			<onSelect>SetStartAlwaysOnTop("True") ShowMenu("StartAlwaysOnTop")</onSelect>
		</item>

		<item>
			<height>40</height>
			<gap>10</gap>
			<font height=30 weight=700 color="#FFFFFF" />
			<text> False</text>
			<onSelect>SetStartAlwaysOnTop("False") ShowMenu("StartAlwaysOnTop")</onSelect>
		</item>
	</list>

</window>

<window name="StartAtLastWindowPosition">
	<keys>
		<Key code= 13>Select()</>
		<Key code= 37>ExitMenu(-1) ShowMenu("AppSetup") ShowMenu("GlobalSetup") </>
		<Key code= 38>Up()</>
		<Key code= 39>right()</>
		<Key code= 40>Down()</>
	</keys>

	<list name="StartAtLastWindowPositionOptions">
		<pos x=560 y=100 />
		<size width=200 height=400 />
		<selection>settings.window.startAtLastWindowPosition</selection>

		<itemTemplate>
			<height>40</height>
			<gap>5</gap>
			<font height=30 weight=700 color="#FFFFFF" />
			<align horizontal="left"/>
			<background>
				<image>BrownButton</image>
				<highlightImage>GreenButton</highlightImage>
				<selectedImage>SelectedButton</SelectedImage>
			</background>
		</itemTemplate>

		<item>
			<height>40</height>
			<gap>10</gap>
			<font height=30 weight=700 color="#FFFFFF" />
			<text> True</text>
			<onSelect>SetStartAtLastWindowPosition("True") ShowMenu("StartAtLastWindowPosition")</onSelect>
		</item>

		<item>
			<height>40</height>
			<gap>10</gap>
			<font height=30 weight=700 color="#FFFFFF" />
			<text> False</text>
			<onSelect>SetStartAtLastWindowPosition("False") ShowMenu("StartAtLastWindowPosition")</onSelect>
		</item>
	</list>

</window>

<window name="StartWithLastWindowSize">
	<keys>
		<Key code= 13>Select()</>
		<Key code= 37>ExitMenu(-1) ShowMenu("AppSetup") ShowMenu("GlobalSetup") </>
		<Key code= 38>Up()</>
		<Key code= 39>right()</>
		<Key code= 40>Down()</>
	</keys>

	<list name="StartWithLastWindowSizeOptions">
		<pos x=560 y=100 />
		<size width=200 height=400 />
		<selection>settings.window.startWithLastWindowSize</selection>

		<itemTemplate>
			<height>40</height>
			<gap>5</gap>
			<font height=30 weight=700 color="#FFFFFF" />
			<align horizontal="left"/>
			<background>
				<image>BrownButton</image>
				<highlightImage>GreenButton</highlightImage>
				<selectedImage>SelectedButton</SelectedImage>
			</background>
		</itemTemplate>

		<item>
			<height>40</height>
			<gap>10</gap>
			<font height=30 weight=700 color="#FFFFFF" />
			<text> True</text>
			<onSelect>SetStartWithLastWindowSize("True") ShowMenu("StartWithLastWindowSize")</onSelect>
		</item>

		<item>
			<height>40</height>
			<gap>10</gap>
			<font height=30 weight=700 color="#FFFFFF" />
			<text> False</text>
			<onSelect>SetStartWithLastWindowSize("False") ShowMenu("StartWithLastWindowSize")</onSelect>
		</item>
	</list>

</window>

<window name="RememberFullscreenState">
	<keys>
		<Key code= 13>Select()</>
		<Key code= 37>ExitMenu(-1) ShowMenu("AppSetup") ShowMenu("GlobalSetup") </>
		<Key code= 38>Up()</>
		<Key code= 39>right()</>
		<Key code= 40>Down()</>
	</keys>

	<list name="RememberFullscreenStateOptions">
		<pos x=560 y=100 />
		<size width=200 height=400 />
		<selection>settings.window.rememberFullscreenState</selection>

		<itemTemplate>
			<height>40</height>
			<gap>5</gap>
			<font height=30 weight=700 color="#FFFFFF" />
			<align horizontal="left"/>
			<background>
				<image>BrownButton</image>
				<highlightImage>GreenButton</highlightImage>
				<selectedImage>SelectedButton</SelectedImage>
			</background>
		</itemTemplate>

		<item>
			<height>40</height>
			<gap>10</gap>
			<font height=30 weight=700 color="#FFFFFF" />
			<text> True</text>
			<onSelect>SetRememberFullscreenState("True") ShowMenu("RememberFullscreenState")</onSelect>
		</item>

		<item>
			<height>40</height>
			<gap>10</gap>
			<font height=30 weight=700 color="#FFFFFF" />
			<text> False</text>
			<onSelect>SetRememberFullscreenState("False") ShowMenu("RememberFullscreenState")</onSelect>
		</item>
	</list>

</window>

<window name="RememberAlwaysOnTopState">
	<keys>
		<Key code= 13>Select()</>
		<Key code= 37>ExitMenu(-1) ShowMenu("AppSetup") ShowMenu("GlobalSetup") </>
		<Key code= 38>Up()</>
		<Key code= 39>right()</>
		<Key code= 40>Down()</>
	</keys>

	<list name="RememberAlwaysOnTopStateOptions">
		<pos x=560 y=100 />
		<size width=200 height=400 />
		<selection>settings.window.rememberAlwaysOnTopState</selection>

		<itemTemplate>
			<height>40</height>
			<gap>5</gap>
			<font height=30 weight=700 color="#FFFFFF" />
			<align horizontal="left"/>
			<background>
				<image>BrownButton</image>
				<highlightImage>GreenButton</highlightImage>
				<selectedImage>SelectedButton</SelectedImage>
			</background>
		</itemTemplate>

		<item>
			<height>40</height>
			<gap>10</gap>
			<font height=30 weight=700 color="#FFFFFF" />
			<text> True</text>
			<onSelect>SetRememberAlwaysOnTopState("True") ShowMenu("RememberAlwaysOnTopState")</onSelect>
		</item>

		<item>
			<height>40</height>
			<gap>10</gap>
			<font height=30 weight=700 color="#FFFFFF" />
			<text> False</text>
			<onSelect>SetRememberAlwaysOnTopState("False") ShowMenu("RememberAlwaysOnTopState")</onSelect>
		</item>
	</list>

</window>

<window name="RememberWindowPosition">
	<keys>
		<Key code= 13>Select()</>
		<Key code= 37>ExitMenu(-1) ShowMenu("AppSetup") ShowMenu("GlobalSetup") </>
		<Key code= 38>Up()</>
		<Key code= 39>right()</>
		<Key code= 40>Down()</>
	</keys>

	<list name="RememberWindowPositionOptions">
		<pos x=560 y=100 />
		<size width=200 height=400 />
		<selection>settings.window.rememberWindowPosition</selection>

		<itemTemplate>
			<height>40</height>
			<gap>5</gap>
			<font height=30 weight=700 color="#FFFFFF" />
			<align horizontal="left"/>
			<background>
				<image>BrownButton</image>
				<highlightImage>GreenButton</highlightImage>
				<selectedImage>SelectedButton</SelectedImage>
			</background>
		</itemTemplate>

		<item>
			<height>40</height>
			<gap>10</gap>
			<font height=30 weight=700 color="#FFFFFF" />
			<text> True</text>
			<onSelect>SetRememberWindowPosition("True") ShowMenu("RememberWindowPosition")</onSelect>
		</item>

		<item>
			<height>40</height>
			<gap>10</gap>
			<font height=30 weight=700 color="#FFFFFF" />
			<text> False</text>
			<onSelect>SetRememberWindowPosition("False") ShowMenu("RememberWindowPosition")</onSelect>
		</item>
	</list>

</window>

<window name="QuietWhenMinimised">
	<keys>
		<Key code= 13>Select()</>
		<Key code= 37>ExitMenu(-1) ShowMenu("AppSetup") ShowMenu("GlobalSetup") </>
		<Key code= 38>Up()</>
		<Key code= 39>right()</>
		<Key code= 40>Down()</>
	</keys>

	<list name="QuietWhenMinimisedOptions">
		<pos x=560 y=100 />
		<size width=200 height=400 />
		<selection>settings.window.quietOnMinimise</selection>

		<itemTemplate>
			<height>40</height>
			<gap>5</gap>
			<font height=30 weight=700 color="#FFFFFF" />
			<align horizontal="left"/>
			<background>
				<image>BrownButton</image>
				<highlightImage>GreenButton</highlightImage>
				<selectedImage>SelectedButton</SelectedImage>
			</background>
		</itemTemplate>

		<item>
			<height>40</height>
			<gap>10</gap>
			<font height=30 weight=700 color="#FFFFFF" />
			<text> True</text>
			<onSelect>SetQuietOnMinimise("True") ShowMenu("QuietWhenMinimised")</onSelect>
		</item>

		<item>
			<height>40</height>
			<gap>10</gap>
			<font height=30 weight=700 color="#FFFFFF" />
			<text> False</text>
			<onSelect>SetQuietOnMinimise("False") ShowMenu("QuietWhenMinimised")</onSelect>
		</item>
	</list>

</window>

<window name="CloseBuffersWhenMinimised">
	<keys>
		<Key code= 13>Select()</>
		<Key code= 37>ExitMenu(-1) ShowMenu("AppSetup") ShowMenu("GlobalSetup") </>
		<Key code= 38>Up()</>
		<Key code= 39>right()</>
		<Key code= 40>Down()</>
	</keys>

	<list name="CloseBuffersWhenMinimisedOptions">
		<pos x=560 y=100 />
		<size width=200 height=400 />
		<selection>settings.window.closeBuffersOnMinimise</selection>

		<itemTemplate>
			<height>40</height>
			<gap>5</gap>
			<font height=30 weight=700 color="#FFFFFF" />
			<align horizontal="left"/>
			<background>
				<image>BrownButton</image>
				<highlightImage>GreenButton</highlightImage>
				<selectedImage>SelectedButton</SelectedImage>
			</background>
		</itemTemplate>

		<item>
			<height>40</height>
			<gap>10</gap>
			<font height=30 weight=700 color="#FFFFFF" />
			<text> True</text>
			<onSelect>SetCloseBuffersOnMinimise("True") ShowMenu("CloseBuffersWhenMinimised")</onSelect>
		</item>

		<item>
			<height>40</height>
			<gap>10</gap>
			<font height=30 weight=700 color="#FFFFFF" />
			<text> False</text>
			<onSelect>SetCloseBuffersOnMinimise("False") ShowMenu("CloseBuffersWhenMinimised")</onSelect>
		</item>
	</list>

</window>

<window name="StartWithAudioMuted">
	<keys>
		<Key code= 13>Select()</>
		<Key code= 37>ExitMenu(-1) ShowMenu("AppSetup") ShowMenu("GlobalSetup") </>
		<Key code= 38>Up()</>
		<Key code= 39>right()</>
		<Key code= 40>Down()</>
	</keys>

	<list name="StartWithAudioMutedOptions">
		<pos x=560 y=100 />
		<size width=200 height=400 />
		<selection>settings.audio.bMute</selection>

		<itemTemplate>
			<height>40</height>
			<gap>5</gap>
			<font height=30 weight=700 color="#FFFFFF" />
			<align horizontal="left"/>
			<background>
				<image>BrownButton</image>
				<highlightImage>GreenButton</highlightImage>
				<selectedImage>SelectedButton</SelectedImage>
			</background>
		</itemTemplate>

		<item>
			<height>40</height>
			<gap>10</gap>
			<font height=30 weight=700 color="#FFFFFF" />
			<text> True</text>
			<onSelect>SetStartWithAudioMuted("True") ShowMenu("StartWithAudioMuted")</onSelect>
		</item>

		<item>
			<height>40</height>
			<gap>10</gap>
			<font height=30 weight=700 color="#FFFFFF" />
			<text> False</text>
			<onSelect>SetStartWithAudioMuted("False") ShowMenu("StartWithAudioMuted")</onSelect>
		</item>
	</list>

</window>

<window name="AspectRatioOverride">
	<keys>
		<Key code= 13>Select()</>
		<Key code= 37>ExitMenu(-1) ShowMenu("AppSetup") ShowMenu("GlobalSetup") </>
		<Key code= 38>Up()</>
		<Key code= 39>right()</>
		<Key code= 40>Down()</>
	</keys>

	<list name="AspectRatioOverrideOptions">
		<pos x=560 y=100 />
		<size width=200 height=400 />
		<selection>settings.video.aspectRatio.bOverride</selection>

		<itemTemplate>
			<height>40</height>
			<gap>5</gap>
			<font height=30 weight=700 color="#FFFFFF" />
			<align horizontal="left"/>
			<background>
				<image>BrownButton</image>
				<highlightImage>GreenButton</highlightImage>
				<selectedImage>SelectedButton</SelectedImage>
			</background>
		</itemTemplate>

		<item>
			<height>40</height>
			<gap>10</gap>
			<font height=30 weight=700 color="#FFFFFF" />
			<text> True</text>
			<onSelect>SetAspectRatioOverride("True") ShowMenu("AspectRatioOverride")</onSelect>
		</item>

		<item>
			<height>40</height>
			<gap>10</gap>
			<font height=30 weight=700 color="#FFFFFF" />
			<text> False</text>
			<onSelect>SetAspectRatioOverride("False") ShowMenu("AspectRatioOverride")</onSelect>
		</item>
	</list>

</window>

<window name="CaptureSetup">
	<keys>
		<Key code= 13>Select()</>
		<Key code= 37>ExitMenu(-1) ShowMenu("AppSetup")</>
		<Key code= 38>Up()</>
		<Key code= 39>Select()</>
		<Key code= 40>Down()</>
	</keys>

	<list name="CaptureOptions">
		<pos x=240 y=100 />
		<size width=200 height=400 />
		
		<itemTemplate>
			<height>40</height>
			<gap>5</gap>
			<font height=30 weight=700 color="#FFFFFF" />
			<align horizontal="left"/>
			<background>
				<image>BrownButton</image>
				<highlightImage>GreenButton</highlightImage>
			</background>
		</itemTemplate>

		<item>
			<height>40</height>
			<gap>10</gap>
			<font height=30 weight=700 color="#FFFFFF" />
			<text> Capture Format</text>
			<onSelect>ShowMenu("CaptureFormat")</onSelect>
			<onRight>ShowMenu("CaptureFormat")</onRight>
		</item>

		<item>
			<height>40</height>
			<gap>10</gap>
			<font height=30 weight=700 color="#FFFFFF" />
			<text> Capture Folder</text>
			<onSelect>ShowMenu("CaptureFolder")</onSelect>
			<onRight>ShowMenu("CaptureFolder")</onRight>
		</item>

		<item>
			<height>40</height>
			<gap>10</gap>
			<font height=30 weight=700 color="#FFFFFF" />
			<text> Capture Name</text>
			<onSelect>ShowMenu("CaptureName")")</onSelect>
			<onSelect>ShowMenu("CaptureName")</onRight>
		</item>

	</list>

</window>

<window name="CaptureFormat">
	<keys>
		<Key code= 13>Select()</>
		<Key code= 37>ExitMenu(-1) ShowMenu("AppSetup") ShowMenu("CaptureSetup")</>
		<Key code= 38>Up()</>
		<Key code= 39>right()</>
		<Key code= 40>Down()</>
	</keys>

	<list name="CapFormatOptions">
		<pos x=470 y=100 />
		<size width=290 height=400 />
		<selection>settings.capture.format</selection>

		<itemTemplate>
			<height>40</height>
			<gap>5</gap>
			<font height=30 weight=700 color="#FFFFFF" />
			<align horizontal="left"/>
			<background>
				<image>BrownButton</image>
				<highlightImage>GreenButton</highlightImage>
				<selectedImage>SelectedButton</SelectedImage>
			</background>
		</itemTemplate>

		<item>
			<height>40</height>
			<gap>10</gap>
			<font height=30 weight=700 color="#FFFFFF" />
			<text> None Selected</text>
			<onSelect>SetCaptureFormat("None") ShowMenu("CaptureFormat")</onSelect>
		</item>

		<item>
			<height>40</height>
			<gap>10</gap>
			<font height=30 weight=700 color="#FFFFFF" />
			<text> FullMux File</text>
			<onSelect>SetCaptureFormat("FullMux") ShowMenu("CaptureFormat")</onSelect>
		</item>

		<item>
			<height>40</height>
			<gap>10</gap>
			<font height=30 weight=700 color="#FFFFFF" />
			<text> TSMux File</text>
			<onSelect>SetCaptureFormat("TSMux") ShowMenu("CaptureFormat")</onSelect>
		</item>

		<item>
			<height>40</height>
			<gap>10</gap>
			<font height=30 weight=700 color="#FFFFFF" />
			<text> MpgMux File</text>
			<onSelect>SetCaptureFormat("MpgMux") ShowMenu("CaptureFormat")</onSelect>
		</item>

		<item>
			<height>40</height>
			<gap>10</gap>
			<font height=30 weight=700 color="#FFFFFF" />
			<text> SepMux File</text>
			<onSelect>SetCaptureFormat("SepMux") ShowMenu("CaptureFormat")</onSelect>
		</item>
<!--
		<item>
			<height>40</height>
			<gap>10</gap>
			<font height=30 weight=700 color="#FFFFFF" />
			<text> DVR-MS File</text>
			<onSelect>SetCaptureFormat("DVR-MS") ShowMenu("CaptureFormat")</onSelect>
		</item>
-->
	</list>

	<label>
		<pos x=384 y=500 />
		<text>Type of Recording eg. Disabled = None, All Sub Programs = FullMux as ".ts",</text>
		<font height=20 weight=700 color="#FFFFFF" />
		<align horizontal="centre"/>
	</label>

	<label>
		<pos x=384 y=520 />
		<text>Single Sub Program = TSMux as ".ts", Single Sub Program = MpgMux as ".mpg" and</text>
		<font height=20 weight=700 color="#FFFFFF" />
		<align horizontal="centre"/>
	</label>

	<label>
		<pos x=384 y=540 />
		<text>Single Sub Program = SepMux as ".mv2 and ".mp2 and ".txt" and ".ac3"</text>
		<font height=20 weight=700 color="#FFFFFF" />
		<align horizontal="centre"/>
	</label>
</window>

<window name="CaptureFolder">
	<keys>
		<Key code= 13>Select()</>
		<Key code= 37>ExitMenu(-1) ShowMenu("AppSetup") ShowMenu("CaptureSetup")</>
		<Key code= 38>Up()</>
		<Key code= 39>right()</>
		<Key code= 40>Down()</>
	</keys>

	<list name="CapFolderOptions">
		<pos x=470 y=100 />
		<size width=290 height=400 />

		<itemTemplate>
			<height>40</height>
			<gap>5</gap>
			<font height=30 weight=700 color="#FFFFFF" />
			<align horizontal="left"/>
			<background>
				<image>BrownButton</image>
				<highlightImage>GreenButton</highlightImage>
				<selectedImage>SelectedButton</SelectedImage>
			</background>
		</itemTemplate>

		<item>
			<height>40</height>
			<gap>10</gap>
			<font height=30 weight=700 color="#FFFFFF" />
			<text> Change</text>
			<onSelect>SetCaptureFolder() ShowMenu("CaptureFolder")</onSelect>
		</item>

	</list>
</window>

<window name="CaptureName">
	<keys>
		<Key code= 13>Select()</>
		<Key code= 37>ExitMenu(-1) ShowMenu("AppSetup") ShowMenu("CaptureSetup")</>
		<Key code= 38>Up()</>
		<Key code= 39>right()</>
		<Key code= 40>Down()</>
	</keys>

	<list name="CapNameOptions">
		<pos x=470 y=100 />
		<size width=290 height=400 />

		<itemTemplate>
			<height>40</height>
			<gap>5</gap>
			<font height=30 weight=700 color="#FFFFFF" />
			<align horizontal="left"/>
			<background>
				<image>BrownButton</image>
				<highlightImage>GreenButton</highlightImage>
			</background>
		</itemTemplate>

		<item>
			<height>40</height>
			<gap>10</gap>
			<font height=30 weight=700 color="#FFFFFF" />
			<text> Change</text>
			<onSelect>SetCaptureName() ShowMenu("CaptureName")</onSelect>
		</item>

	</list>
</window>

<window name="TimeShiftSetup">
	<keys>
		<Key code= 13>Select()</>
		<Key code= 37>ExitMenu(-1) ShowMenu("AppSetup")</>
		<Key code= 38>Up()</>
		<Key code= 39>Select()</>
		<Key code= 40>Down()</>
	</keys>

	<list name="TimeShiftOptions">
		<pos x=240 y=100 />
		<size width=200 height=400 />
		
		<itemTemplate>
			<height>40</height>
			<gap>5</gap>
			<font height=30 weight=700 color="#FFFFFF" />
			<align horizontal="left"/>
			<background>
				<image>BrownButton</image>
				<highlightImage>GreenButton</highlightImage>
			</background>
		</itemTemplate>

		<item>
			<height>40</height>
			<gap>10</gap>
			<font height=30 weight=700 color="#FFFFFF" />
			<text> File Format</text>
			<onSelect>ShowMenu("TimeShiftFormat")</onSelect>
			<onRight>ShowMenu("TimeShiftFormat")</onRight>
		</item>

		<item>
			<height>40</height>
			<gap>10</gap>
			<font height=30 weight=700 color="#FFFFFF" />
			<text> TimeShift Folder</text>
			<onSelect>ShowMenu("TimeShiftFolder")</onSelect>
			<onRight>ShowMenu("TimeShiftFolder")</onRight>
		</item>

		<item>
			<height>40</height>
			<gap>10</gap>
			<font height=30 weight=700 color="#FFFFFF" />
			<text> Channel Change</text>
			<onSelect>ShowMenu("TimeShiftChange")</onSelect>
			<onRight>ShowMenu("TimeShiftChange")</onRight>
		</item>

		<item>
			<height>40</height>
			<gap>10</gap>
			<font height=30 weight=700 color="#FFFFFF" />
			<text> Buffer Size</text>
			<onSelect>ShowMenu("TimeShiftBuffer")</onSelect>
			<onRight>ShowMenu("TimeShiftBuffer")</onRight>
		</item>

		<item>
			<height>40</height>
			<gap>10</gap>
			<font height=30 weight=700 color="#FFFFFF" />
			<text> Resume TimeShift</text>
			<onSelect>ShowMenu("ResumeTimeshift")</onSelect>
			<onRight>ShowMenu("ResumeTimeshift")</onRight>
		</item>
	</list>

</window>

<window name="TimeShiftFormat">
	<keys>
		<Key code= 13>Select()</>
		<Key code= 37>ExitMenu(-1) ShowMenu("AppSetup") ShowMenu("TimeShiftSetup")</>
		<Key code= 38>Up()</>
		<Key code= 39>Select()</>
		<Key code= 40>Down()</>
	</keys>

	<list name="TimeShiftOptions">
		<pos x=470 y=100 />
		<size width=290 height=400 />
		<selection>settings.timeshift.format</selection>
		
		<itemTemplate>
			<height>40</height>
			<gap>5</gap>
			<font height=30 weight=700 color="#FFFFFF" />
			<align horizontal="left"/>
			<background>
				<image>BrownButton</image>
				<highlightImage>GreenButton</highlightImage>
				<selectedImage>SelectedButton</SelectedImage>
			</background>
		</itemTemplate>

		<item>
			<height>40</height>
			<gap>10</gap>
			<font height=30 weight=700 color="#FFFFFF" />
			<text> None Selected</text>
			<onSelect>SetTimeShiftFormat("None")</onSelect>
		</item>

		<item>
			<height>40</height>
			<gap>10</gap>
			<font height=30 weight=700 color="#FFFFFF" />
			<text> FullMux File</text>
			<onSelect>SetTimeShiftFormat("FullMux")</onSelect>
		</item>

		<item>
			<height>40</height>
			<gap>10</gap>
			<font height=30 weight=700 color="#FFFFFF" />
			<text> TSMux File</text>
			<onSelect>SetTimeShiftFormat("TSMux")</onSelect>
		</item>

		<item>
			<height>40</height>
			<gap>10</gap>
			<font height=30 weight=700 color="#FFFFFF" />
			<text> MpgMux File</text>
			<onSelect>SetTimeShiftFormat("MpgMux")</onSelect>
		</item>
	</list>

	<label>
		<pos x=384 y=500 />
		<text>Type of Timeshift file format used eg. Disabled = None, All Sub Programs = FullMux,</text>
		<font height=20 weight=700 color="#FFFFFF" />
		<align horizontal="centre"/>
	</label>

	<label>
		<pos x=384 y=520 />
		<text>Single Sub Program = TSMux, Single Sub Program = MpgMux.</text>
		<font height=20 weight=700 color="#FFFFFF" />
		<align horizontal="centre"/>
	</label>

</window>

<window name="TimeShiftFolder">
	<keys>
		<Key code= 13>Select()</>
		<Key code= 37>ExitMenu(-1) ShowMenu("AppSetup") ShowMenu("TimeShiftSetup")</>
		<Key code= 38>Up()</>
		<Key code= 39>right()</>
		<Key code= 40>Down()</>
	</keys>

	<list name="TimeShiftFolderOptions">
		<pos x=470 y=100 />
		<size width=290 height=400 />

		<itemTemplate>
			<height>40</height>
			<gap>5</gap>
			<font height=30 weight=700 color="#FFFFFF" />
			<align horizontal="left"/>
			<background>
				<image>BrownButton</image>
				<highlightImage>GreenButton</highlightImage>
				<selectedImage>SelectedButton</SelectedImage>
			</background>
		</itemTemplate>

		<item>
			<height>40</height>
			<gap>10</gap>
			<font height=30 weight=700 color="#FFFFFF" />
			<text> Change</text>
			<onSelect>SetTimeShiftFolder() ShowMenu("TimeShiftFolder")</onSelect>
		</item>

	</list>
</window>

<window name="TimeShiftBuffer">
	<keys>
		<Key code= 13>Select()</>
		<Key code= 37>ExitMenu(-1) ShowMenu("AppSetup") ShowMenu("TimeShiftSetup")</>
		<Key code= 38>Up()</>
		<Key code= 39>Select()</>
		<Key code= 40>Down()</>
	</keys>

	<list name="TimeShiftBufferOptions">
		<pos x=470 y=100 />
		<size width=290 height=400 />
		<selection>settings.timeshift.buffer</selection>
		
		<itemTemplate>
			<height>40</height>
			<gap>5</gap>
			<font height=30 weight=700 color="#FFFFFF" />
			<align horizontal="left"/>
			<background>
				<image>BrownButton</image>
				<highlightImage>GreenButton</highlightImage>
				<selectedImage>SelectedButton</SelectedImage>
			</background>
		</itemTemplate>

		<item>
			<height>40</height>
			<gap>10</gap>
			<font height=30 weight=700 color="#FFFFFF" />
			<text> Auto Size</text>
			<onSelect>SetTimeShiftBuffer("Auto") ShowMenu("TimeShiftBuffer")</onSelect>
		</item>

		<item>
			<height>40</height>
			<gap>10</gap>
			<font height=30 weight=700 color="#FFFFFF" />
			<text> Large Size</text>
			<onSelect>SetTimeShiftBuffer("Large") ShowMenu("TimeShiftBuffer")</onSelect>
		</item>

		<item>
			<height>40</height>
			<gap>10</gap>
			<font height=30 weight=700 color="#FFFFFF" />
			<text> Medium Size</text>
			<onSelect>SetTimeShiftBuffer("Medium") ShowMenu("TimeShiftBuffer")</onSelect>
		</item>

		<item>
			<height>40</height>
			<gap>10</gap>
			<font height=30 weight=700 color="#FFFFFF" />
			<text> Small Size</text>
			<onSelect>SetTimeShiftBuffer("Small") ShowMenu("TimeShiftBuffer")</onSelect>
		</item>

	</list>

	<label>
		<pos x=384 y=500 />
		<text>Size of Timeshift file Buffer is Set eg. Set Auto Buffer size  = Auto,  Small = 500MB,</text>
		<font height=20 weight=700 color="#FFFFFF" />
		<align horizontal="centre"/>
	</label>

	<label>
		<pos x=384 y=520 />
		<text>Medium = 1.5GB & Large = 5GB.</text>
		<font height=20 weight=700 color="#FFFFFF" />
		<align horizontal="centre"/>
	</label>

</window>

<window name="TimeShiftChange">
	<keys>
		<Key code= 13>Select()</>
		<Key code= 37>ExitMenu(-1) ShowMenu("AppSetup") ShowMenu("TimeShiftSetup")</>
		<Key code= 38>Up()</>
		<Key code= 39>Select()</>
		<Key code= 40>Down()</>
	</keys>

	<list name="TimeShiftChangeOptions">
		<pos x=470 y=100 />
		<size width=290 height=400 />
		<selection>settings.timeshift.change</selection>
		
		<itemTemplate>
			<height>40</height>
			<gap>5</gap>
			<font height=30 weight=700 color="#FFFFFF" />
			<align horizontal="left"/>
			<background>
				<image>BrownButton</image>
				<highlightImage>GreenButton</highlightImage>
				<selectedImage>SelectedButton</SelectedImage>
			</background>
		</itemTemplate>

		<item>
			<height>40</height>
			<gap>10</gap>
			<font height=30 weight=700 color="#FFFFFF" />
			<text> Fast</text>
			<onSelect>SetTimeShiftChange("Fast") ShowMenu("TimeShiftChange")</onSelect>
		</item>

		<item>
			<height>40</height>
			<gap>10</gap>
			<font height=30 weight=700 color="#FFFFFF" />
			<text> Normal</text>
			<onSelect>SetTimeShiftChange("Normal") ShowMenu("TimeShiftChange")</onSelect>
		</item>

		<item>
			<height>40</height>
			<gap>10</gap>
			<font height=30 weight=700 color="#FFFFFF" />
			<text> Slow</text>
			<onSelect>SetTimeShiftChange("Slow") ShowMenu("TimeShiftChange")</onSelect>
		</item>

	</list>

	<label>
		<pos x=384 y=500 />
		<text>Speed of channel change eg. Set Fast  = 2 sec,  Normal = 5 sec & Slow = 10 sec.</text>
		<font height=20 weight=700 color="#FFFFFF" />
		<align horizontal="centre"/>
	</label>

</window>

<window name="ResumeTimeShift">
	<keys>
		<Key code= 13>Select()</>
		<Key code= 37>ExitMenu(-1) ShowMenu("AppSetup") ShowMenu("TimeShiftSetup") </>
		<Key code= 38>Up()</>
		<Key code= 39>right()</>
		<Key code= 40>Down()</>
	</keys>

	<list name="ResumeTimeShiftOptions">
		<pos x=560 y=100 />
		<size width=200 height=400 />
		<selection>settings.timeshift.resume</selection>
		
		<itemTemplate>
			<height>40</height>
			<gap>5</gap>
			<font height=30 weight=700 color="#FFFFFF" />
			<align horizontal="left"/>
			<background>
				<image>BrownButton</image>
				<highlightImage>GreenButton</highlightImage>
				<selectedImage>SelectedButton</SelectedImage>
			</background>
		</itemTemplate>

		<item>
			<height>40</height>
			<gap>10</gap>
			<font height=30 weight=700 color="#FFFFFF" />
			<text> True</text>
			<onSelect>SetResumeTimeShift("True") ShowMenu("ResumeTimeShift")</onSelect>
		</item>

		<item>
			<height>40</height>
			<gap>10</gap>
			<font height=30 weight=700 color="#FFFFFF" />
			<text> False</text>
			<onSelect>SetResumeTimeShift("False") ShowMenu("ResumeTimeShift")</onSelect>
		</item>
	</list>

</window>

<window name="DSNetworkSetup">
	<keys>
		<Key code= 13>Select()</>
		<Key code= 37>ExitMenu(-1) ShowMenu("AppSetup")</>
		<Key code= 38>Up()</>
		<Key code= 39>Select()</>
		<Key code= 40>Down()</>
	</keys>

	<list name="DSNetworkOptions">
		<pos x=240 y=100 />
		<size width=200 height=400 />
		
		<itemTemplate>
			<height>40</height>
			<gap>5</gap>
			<font height=30 weight=700 color="#FFFFFF" />
			<align horizontal="left"/>
			<background>
				<image>BrownButton</image>
				<highlightImage>GreenButton</highlightImage>
			</background>
		</itemTemplate>

		<item>
			<height>40</height>
			<gap>10</gap>
			<font height=30 weight=700 color="#FFFFFF" />
			<text> Stream Format</text>
			<onSelect>ShowMenu("DSNetworkFormat")</onSelect>
			<onRight>ShowMenu("DSNetworkFormat")</onRight>
		</item>

		<item>
			<height>40</height>
			<gap>10</gap>
			<font height=30 weight=700 color="#FFFFFF" />
			<text> IP Address</text>
			<onSelect>ShowMenu("DSNetworkIP")</onSelect>
			<onRight>ShowMenu("DSNetworkIP")</onRight>
		</item>

		<item>
			<height>40</height>
			<gap>10</gap>
			<font height=30 weight=700 color="#FFFFFF" />
			<text> Port</text>
			<onSelect>ShowMenu("DSNetworkPort")</onSelect>
			<onRight>ShowMenu("DSNetworkPort")</onRight>
		</item>

		<item>
			<height>40</height>
			<gap>10</gap>
			<font height=30 weight=700 color="#FFFFFF" />
			<text> Network I/face</text>
			<onSelect>ShowMenu("DSNetworkNic")</onSelect>
			<onRight>ShowMenu("DSNetworkNic")</onRight>
		</item>
	</list>

</window>

<window name="DSNetworkFormat">
	<keys>
		<Key code= 13>Select()</>
		<Key code= 37>ExitMenu(-1) ShowMenu("AppSetup") ShowMenu("DSNetworkSetup")</>
		<Key code= 38>Up()</>
		<Key code= 39>Select()</>
		<Key code= 40>Down()</>
	</keys>

	<list name="DSNetworkOptions">
		<pos x=470 y=100 />
		<size width=290 height=400 />
		<selection>settings.dsnetwork.format</selection>
		
		<itemTemplate>
			<height>40</height>
			<gap>5</gap>
			<font height=30 weight=700 color="#FFFFFF" />
			<align horizontal="left"/>
			<background>
				<image>BrownButton</image>
				<highlightImage>GreenButton</highlightImage>
				<selectedImage>SelectedButton</SelectedImage>
			</background>
		</itemTemplate>

		<item>
			<height>40</height>
			<gap>10</gap>
			<font height=30 weight=700 color="#FFFFFF" />
			<text> None Selected</text>
			<onSelect>SetDSNetworkFormat("None")</onSelect>
		</item>

		<item>
			<height>40</height>
			<gap>10</gap>
			<font height=30 weight=700 color="#FFFFFF" />
			<text> FullMux Stream</text>
			<onSelect>SetDSNetworkFormat("FullMux")</onSelect>
		</item>

		<item>
			<height>40</height>
			<gap>10</gap>
			<font height=30 weight=700 color="#FFFFFF" />
			<text> TSMux Stream</text>
			<onSelect>SetDSNetworkFormat("TSMux")</onSelect>
		</item>

		<item>
			<height>40</height>
			<gap>10</gap>
			<font height=30 weight=700 color="#FFFFFF" />
			<text> MpgMux Stream</text>
			<onSelect>SetDSNetworkFormat("MpgMux")</onSelect>
		</item>

	</list>

	<label>
		<pos x=384 y=500 />
		<text>Type of Multicast Stream format used eg. Disabled = None, All Sub Programs = FullMux,</text> 
		<font height=20 weight=700 color="#FFFFFF" />
		<align horizontal="centre"/>
	</label>

	<label>
		<pos x=384 y=520 />
		<text>Single Sub Program = TSMux, Single Sub Program = MpgMux.</text>
		<font height=20 weight=700 color="#FFFFFF" />
		<align horizontal="centre"/>
	</label>

</window>

<window name="DSNetworkIP">
	<keys>
		<Key code= 13>Select()</>
		<Key code= 37>ExitMenu(-1) ShowMenu("AppSetup") ShowMenu("DSNetworkSetup")</>
		<Key code= 38>Up()</>
		<Key code= 39>right()</>
		<Key code= 40>Down()</>
	</keys>

	<list name="DSNetworkIPOptions">
		<pos x=470 y=100 />
		<size width=290 height=400 />

		<itemTemplate>
			<height>40</height>
			<gap>5</gap>
			<font height=30 weight=700 color="#FFFFFF" />
			<align horizontal="left"/>
			<background>
				<image>BrownButton</image>
				<highlightImage>GreenButton</highlightImage>
			</background>
		</itemTemplate>

		<item>
			<height>40</height>
			<gap>10</gap>
			<font height=30 weight=700 color="#FFFFFF" />
			<text> Change</text>
			<onSelect>SetDSNetworkIP() ShowMenu("DSNetworkIP")</onSelect>
		</item>

	</list>
</window>

<window name="DSNetworkNic">
	<keys>
		<Key code= 13>Select()</>
		<Key code= 37>ExitMenu(-1) ShowMenu("AppSetup") ShowMenu("DSNetworkSetup")</>
		<Key code= 38>Up()</>
		<Key code= 39>right()</>
		<Key code= 40>Down()</>
	</keys>

	<list name="DSNetworkNicOptions">
		<pos x=470 y=100 />
		<size width=290 height=400 />

		<itemTemplate>
			<height>40</height>
			<gap>5</gap>
			<font height=30 weight=700 color="#FFFFFF" />
			<align horizontal="left"/>
			<background>
				<image>BrownButton</image>
				<highlightImage>GreenButton</highlightImage>
			</background>
		</itemTemplate>

		<item>
			<height>40</height>
			<gap>10</gap>
			<font height=30 weight=700 color="#FFFFFF" />
			<text> Change</text>
			<onSelect>SetDSNetworkNic() ShowMenu("DSNetworkNic")</onSelect>
		</item>

	</list>
</window>

<window name="DSNetworkPort">
	<keys>
		<Key code= 13>Select()</>
		<Key code= 37>ExitMenu(-1) ShowMenu("AppSetup") ShowMenu("DSNetworkSetup")</>
		<Key code= 38>Up()</>
		<Key code= 39>right()</>
		<Key code= 40>Down()</>
	</keys>

	<list name="DSNetworkPortOptions">
		<pos x=470 y=100 />
		<size width=290 height=400 />

		<itemTemplate>
			<height>40</height>
			<gap>5</gap>
			<font height=30 weight=700 color="#FFFFFF" />
			<align horizontal="left"/>
			<background>
				<image>BrownButton</image>
				<highlightImage>GreenButton</highlightImage>
			</background>
		</itemTemplate>

		<item>
			<height>40</height>
			<gap>10</gap>
			<font height=30 weight=700 color="#FFFFFF" />
			<text> Change</text>
			<onSelect>SetDSNetworkPort() ShowMenu("DSNetworkPort")</onSelect>
		</item>

	</list>
</window>

<window name="DVBTDeviceSetup">
	<keys>
		<Key code= 13>Select()</>
		<Key code= 37>ExitMenu(-1) ShowMenu("AppSetup")</>
		<Key code= 38>Up()</>
		<Key code= 39>Select()</>
		<Key code= 40>Down()</>
	</keys>

	<list name="DVBTDeviceOptions">
		<pos x=240 y=100 />
		<size width=340 height=400 />
		
		<itemTemplate>
			<height>40</height>
			<gap>5</gap>
			<font height=30 weight=700 color="#FFFFFF" />
			<align horizontal="left"/>
			<background>
				<image>BrownButton</image>
				<highlightImage>GreenButton</highlightImage>
			</background>
		</itemTemplate>

		<itemList>
			<source>DVBTDeviceInfo</source>
			<text> $(DVBTDeviceInfo.index) - $(DVBTDeviceInfo.Name)</text>
			<onSelect>SetDataItem("SelectedCardIndex", $(DVBTDeviceInfo.index)) SetDataItem("SelectedCardStatus", $(DVBTDeviceInfo.active)) ShowMenu("DVBTDeviceState")</onSelect>
			<onRight>SetDataItem("SelectedCardIndex", $(DVBTDeviceInfo.index)) SetDataItem("SelectedCardStatus", $(DVBTDeviceInfo.active)) ShowMenu("DVBTDeviceState")</onRight>
		</itemList>
	</list>
</window>

<window name="DVBTDeviceState">
	<keys>
		<Key code= 13>Select()</>
		<Key code= 37>ExitMenu(-1) ShowMenu("AppSetup") ShowMenu("DVBTDeviceSetup")</>
		<Key code= 38>Up()</>
		<Key code= 39>right()</>
		<Key code= 40>Down()</>
	</keys>
	<list name="DVBTDeviceStateOptions">
		<pos x=600 y=100 />
		<size width=160 height=400 />
		<selection>status.$(SelectedCardStatus)</selection>

		<itemTemplate>
			<height>40</height>
			<gap>5</gap>
			<font height=30 weight=700 color="#FFFFFF" />
			<align horizontal="left"/>
			<background>
				<image>BrownButton</image>
				<highlightImage>GreenButton</highlightImage>
				<selectedImage>SelectedButton</SelectedImage>
			</background>
		</itemTemplate>

		<item>
			<height>40</height>
			<gap>10</gap>
			<font height=30 weight=700 color="#FFFFFF" />
			<text> Enabled</text>
			<onSelect>SetDataItem("SelectedCardStatus", "1") SetDVBTDeviceStatus($(SelectedCardIndex), "1") ShowMenu("DVBTDeviceState")</onSelect>
		</item>

		<item>
			<height>40</height>
			<gap>10</gap>
			<font height=30 weight=700 color="#FFFFFF" />
			<text> Disabled</text>
			<onSelect>SetDataItem("SelectedCardStatus", "0") SetDVBTDeviceStatus($(SelectedCardIndex), "0") ShowMenu("DVBTDeviceState")</onSelect>
		</item>

		<item>
			<height>40</height>
			<gap>10</gap>
			<font height=30 weight=700 color="#FFFFFF" />
			<text> Move Up</text>
			<onSelect>SetDVBTDevicePosition($(SelectedCardIndex), "1") ExitMenu() ShowMenu("DVBTDeviceSetup")</onSelect>
		</item>

		<item>
			<height>40</height>
			<gap>10</gap>
			<font height=30 weight=700 color="#FFFFFF" />
			<text> Move Down</text>
			<onSelect>SetDVBTDevicePosition($(SelectedCardIndex), "0") ExitMenu() ShowMenu("DVBTDeviceSetup")</onSelect>
		</item>

		<item>
			<height>40</height>
			<gap>10</gap>
			<font height=30 weight=700 color="#FFFFFF" />
			<text> Remove</text>
			<onSelect>RemoveDVBTDevice($(SelectedCardIndex)) ExitMenu() ShowMenu("DVBTDeviceSetup")</onSelect>
		</item>

		<item>
			<height>40</height>
			<gap>10</gap>
			<font height=30 weight=700 color="#FFFFFF" />
			<text> Re-Load All</text>
			<onSelect>ParseDVBTDevices() ExitMenu() ShowMenu("DVBTDeviceSetup")</onSelect>
		</item>
	</list> 
</window>

<window name="DecoderSetup">
	<keys>
		<Key code= 13>Select()</>
		<Key code= 37>ExitMenu(-1) ShowMenu("AppSetup")</>
		<Key code= 38>Up()</>
		<Key code= 39>Select()</>
		<Key code= 40>Down()</>
	</keys>

	<list name="DecoderOptions">
		<pos x=240 y=100 />
		<size width=200 height=400 />
		
		<itemTemplate>
			<height>40</height>
			<gap>5</gap>
			<font height=30 weight=700 color="#FFFFFF" />
			<align horizontal="left"/>
			<background>
				<image>BrownButton</image>
				<highlightImage>GreenButton</highlightImage>
			</background>
		</itemTemplate>

		<itemList>
			<source>MediaTypeInfo</source>
			<text> $(MediaTypeInfo.Name)</text>
			<onSelect>SetDataItem("SelectedMediaType", $(MediaTypeInfo.Name)) SetDataItem("MediaTypeIndex", $(MediaTypeInfo.index)) SetDataItem("MediaTypeDecoder", $(MediaTypeInfo.decoder)) ShowMenu("DecoderList")</onSelect>
			<onRight>SetDataItem("SelectedMediaType", $(MediaTypeInfo.Name)) SetDataItem("MediaTypeIndex", $(MediaTypeInfo.index)) SetDataItem("MediaTypeDecoder", $(MediaTypeInfo.decoder)) ShowMenu("DecoderList")</onRight>
		</itemList>
	</list>
</window>

<window name="DecoderList">
	<keys>
		<Key code= 13>Select()</>
		<Key code= 37>ExitMenu(-1) ShowMenu("AppSetup") ShowMenu("DecoderSetup")</>
		<Key code= 38>Up()</>
		<Key code= 39>right()</>
		<Key code= 40>Down()</>
	</keys>

	<list name="DecoderListOptions">
		<pos x=240 y=100 />
		<size width=500 height=400 />
		<selection>string.$(MediaTypeDecoder).end</selection>
		<maskname>$(SelectedMediaType)</maskname>
		
		<itemTemplate>
			<height>40</height>
			<gap>5</gap>
			<font height=30 weight=700 color="#FFFFFF" />
			<align horizontal="left"/>
			<background>
				<image>BrownButton</image>
				<highlightImage>GreenButton</highlightImage>
				<selectedImage>SelectedButton</selectedImage>
				<maskedImage>MaskedButton</maskedImage>
			</background>
		</itemTemplate>

		<itemList>
			<source>DecoderInfo</source>
			<text> $(DecoderInfo.Name)</text>
			<masktext>$(DecoderInfo.MaskName)</masktext>
			<onSelect>SetMediaTypeDecoder($(MediaTypeIndex), $(DecoderInfo.Name),  $(DecoderInfo.MaskName), $(SelectedMediaType)) ShowMenu("DecoderList")</onSelect>
			<onRight>SetMediaTypeDecoder($(MediaTypeIndex), $(DecoderInfo.Name),  $(DecoderInfo.MaskName), $(SelectedMediaType)) ShowMenu("DecoderList")</onRight>
		</itemList>
	</list>

	<label>
		<pos x=384 y=500 />
		<text>Selected Decoder for $(SelectedMediaType) Stream Type: - $(MediaTypeDecoder)</text>
		<font height=20 weight=700 color="#FFFFFF" />
		<align horizontal="centre"/>
	</label>

</window>

<window name="TVChannelSetup">
	<keys>
		<Key code= 13>Select()</>
		<Key code= 37>Left()</>
		<Key code= 38>Up()</>
		<Key code= 39>Select()</>
		<Key code= 40>Down()</>
	</keys>
	<label>
		<pos x=384 y=40 />
		<text>TV Channel Setup</text>
		<font height=40 weight=700 color="#FFFFFF" />
		<align horizontal="centre"/>
	</label>
	<list name="MenuOptions">
		<pos x=100 y=100 />
		<size width=568 height=376 />

		<itemTemplate>
			<height>50</height>
			<gap>10</gap>
			<font height=40 weight=700 color="#FFFFFF" />
			<align horizontal="centre"/>
			<background>
				<image>BrownButton</image>
				<highlightImage>GreenButton</highlightImage>
			</background>
		</itemTemplate>

		<item>
			<height>60</height>
			<gap>20</gap>
			<font height=40 weight=700 color="#FFFFFF" />
			<text>Select Region</text>
			<onSelect>
				ExitMenu(-1)
				ShowMenu(RegionMenu)
			</onSelect>
		</item>

		<item>
			<height>60</height>
			<gap>40</gap>
			<font height=40 weight=700 color="#FFFFFF" />
			<text>Add Network</text>
			<onSelect>
				ExitMenu(-1)
				ShowMenu(TVAddNetwork)
			</onSelect>
		</item>

		<!--
		<item>
			<text>Reorder</text>
			<onSelect>
				ExitMenu(-1)
			</onSelect>
		</item>
		-->
		<itemList>
			<source>TVChannels.Networks</source>
			<text>$(TVChannels.Networks.name)</text>
			<onSelect>SetChannel($(TVChannels.Networks.transportStreamId)) ExitMenu()</onSelect>
			<onLeft>
				MoveNetworkUp($(TVChannels.Networks.transportStreamId))
				Up()
			</onLeft>
			<onRight>
				MoveNetworkDown($(TVChannels.Networks.transportStreamId))
				Down()
			</onRight>
		</itemList>
	</list>
	<label>
		<pos x=384 y=500 />
		<text>use left and right arrows to change network order</text>
		<font height=20 weight=700 color="#FFFFFF" />
		<align horizontal="centre"/>
	</label>
</window>

<window name="TVAddNetwork">
	<keys>
		<Key code= 13>Select()</>
		<Key code= 37>Left()</>
		<Key code= 38>Up()</>
		<Key code= 39>Right()</>
		<Key code= 40>Down()</>
	</keys>
	<label>
		<pos x=50 y=40 />
		<text>TV Add Network</text>
		<font height=40 weight=700 color="#FFFFFF" />
		<align horizontal="left"/>
	</label>
	<list name="MenuOptions">
		<pos x=50 y=100 />
		<size width=168 height=376 />

		<itemTemplate>
			<height>40</height>
			<gap>10</gap>
			<font height=30 weight=700 color="#FFFFFF" />
			<align horizontal="left"/>
			<background>
				<image>BrownButton</image>
				<highlightImage>GreenButton</highlightImage>
			</background>
			<onRight>ChangeFrequencySelectionOffset(1)</onRight>
			<onLeft>ChangeFrequencySelectionOffset(-1)</onLeft>
		</itemTemplate>

		<itemList>
			<source>FrequencyList</source>
			<text>   $(FrequencyList.frequency)  ($(FrequencyList.bandwidth))</text>
			<onSelect>
				SetFrequency($(FrequencyList.frequency), $(FrequencyList.bandwidth))
			</onSelect>
		</itemList>
	</list>
	<label>
		<pos x=50 y=500 />
		<text>use left and right arrows to change offset</text>
		<font height=20 weight=700 color="#FFFFFF" />
		<align horizontal="left"/>
	</label>
	<label>
		<pos x=750 y=470 />
		<text>$(Scanning)</text>
		<font height=40 color="#FFFFFF" />
		<align horizontal="right" vertical="bottom" />
		<background>
			<image>BrownButton</image>
			<padding left=10 top=0 right=10 bottom=3 />
		</background>
	</label>
</window>

<window name="TVAddNetworkRegion">
	<keys>
		<Key code= 13>Select()</>
		<Key code= 37>ExitMenu(-1) ShowMenu("RegionMenu")</>
		<Key code= 38>Up()</>
		<Key code= 39>Right()</>
		<Key code= 40>Down()</>
	</keys>
	<label>
		<pos x=350 y=40 />
		<text>Add Network</text>
		<font height=40 weight=700 color="#FFFFFF" />
		<align horizontal="left"/>
	</label>
	<list name="AddNetworkRegionOptions">
		<pos x=250 y=100 />
		<size width=168 height=376 />

		<itemTemplate>
			<height>40</height>
			<gap>10</gap>
			<font height=30 weight=700 color="#FFFFFF" />
			<align horizontal="left"/>
			<background>
				<image>BrownButton</image>
				<highlightImage>GreenButton</highlightImage>
			</background>
			<onRight>ChangeFrequencySelectionOffset(0)</onRight>
		</itemTemplate>

		<itemList>
			<source>FrequencyList</source>
			<text>   $(FrequencyList.frequency)  ($(FrequencyList.bandwidth))</text>
			<onSelect>
				SetFrequency($(FrequencyList.frequency), $(FrequencyList.bandwidth))
			</onSelect>
		</itemList>
	</list>
	<label>
		<pos x=50 y=500 />
		<text>use right arrows to cycle the offset</text>
		<font height=20 weight=700 color="#FFFFFF" />
		<align horizontal="left"/>
	</label>
	<label>
		<pos x=750 y=470 />
		<text>$(Scanning)</text>
		<font height=40 color="#FFFFFF" />
		<align horizontal="right" vertical="bottom" />
		<background>
			<image>BrownButton</image>
			<padding left=10 top=0 right=10 bottom=3 />
		</background>
	</label>
</window>

<window name="RegionMenu">
	<keys>
		<Key code= 13>Select()</>
		<Key code= 37>ExitMenu(-1) ShowMenu(TVChannelSetup)</>
		<Key code= 38>Up()</>
		<Key code= 39>Select() ShowMenu("TVAddNetworkRegion")</>
		<Key code= 40>Down()</>
	</keys>
	<label>
		<pos x=50 y=40 />
		<text>Regional Settings</text>
		<font height=40 weight=700 color="#FFFFFF" />
		<align horizontal="left"/>
	</label>
	<list name="RegionOptions">
		<pos x=50 y=100 />
		<size width=168 height=376 />
		<selection>string.$(CurrentSelectedRegion)</selection>

		<itemTemplate>
			<height>40</height>
			<gap>10</gap>
			<font height=30 weight=700 color="#FFFFFF" />
			<align horizontal="left"/>
			<background>
				<image>BrownButton</image>
				<highlightImage>GreenButton</highlightImage>
				<selectedImage>SelectedButton</SelectedImage>
			</background>
		</itemTemplate>

		<itemList>
			<source>RegionList</source>
			<text>   $(RegionList.name)</text>
			<onSelect>
				SetRegion($(RegionList.name)) SetDataItem("CurrentSelectedRegion", $(RegionList.name))
			</onSelect>
		</itemList>
	</list>
	<label>
		<pos x=50 y=520 />
		<text>Currently Selected Region: $(CurrentSelectedRegion)</text>
		<font height=20 weight=700 color="#FFFFFF" />
		<align horizontal="left"/>
	</label>
</window>


<!--
<window name="ChannelSelect">
	<keys>
		<Key code= 13>Select()</>
		<Key code= 37>Left()</>
		<Key code= 38>Up()</>
		<Key code= 39>Right()</>
		<Key code= 40>Down()</>
	</keys>

	<label>
		<pos x=340 y=35 />
		<text>Network</text>
		<font height=30 weight=700 color="#FFFFFF" />
	</label>
	<button name="NetworkDown">
		<pos x=444 y=20 />
		<size width=150 height=60 />
		<text>Previous</text>
		<font height=30 weight=700 color="#FFFFFF" />
		<background>
			<image>BrownButton</image>
			<highlightImage>GreenButton</highlightImage>
		</background>
		<highlight default=1>
			<onSelect>NetworkDown() ExitMenu(-1)</onSelect>
			<onRight>#NetworkUp</onRight>
			<onDown>#ProgramDown</onDown>
		</highlight>
	</button>
	<button name="NetworkUp">
		<pos x=596 y=20 />
		<size width=150 height=60 />
		<text>Next</text>
		<font height=30 weight=700 color="#FFFFFF" />
		<background>
			<image>BrownButton</image>
			<highlightImage>GreenButton</highlightImage>
		</background>
		<highlight>
			<onSelect>NetworkUp() ExitMenu(-1)</onSelect>
			<onLeft>#NetworkDown</onLeft>
			<onDown>#ProgramUp</onDown>
		</highlight>
	</button>

	<label>
		<pos x=340 y=105 />
		<text>Program</text>
		<font height=30 weight=700 color="#FFFFFF" />
	</label>
	<button name="ProgramDown">
		<pos x=444 y=90 />
		<size width=150 height=60 />
		<text>Previous</text>
		<font height=30 weight=700 color="#FFFFFF" />
		<background>
			<image>BrownButton</image>
			<highlightImage>GreenButton</highlightImage>
		</background>
		<highlight>
			<onSelect>ProgramDown() ExitMenu(-1)</onSelect>
			<onRight>#ProgramUp</onRight>
			<onUp>#NetworkDown</onUp>
		</highlight>
	</button>
	<button name="ProgramUp">
		<pos x=596 y=90 />
		<size width=150 height=60 />
		<text>Next</text>
		<font height=30 weight=700 color="#FFFFFF" />
		<background>
			<image>BrownButton</image>
			<highlightImage>GreenButton</highlightImage>
		</background>
		<highlight>
			<onSelect>ProgramUp() ExitMenu(-1)</onSelect>
			<onLeft>#ProgramDown</onLeft>
			<onUp>#NetworkUp</onUp>
		</highlight>
	</button>
</window>-->

<window name="NetworkList">
	<!--
	<hideLowerWindows />
	-->
	<keys>
		<Key code= 13>Select()</>
		<Key code= 37>Left()</>
		<Key code= 38>Up()</>
		<Key code= 39>Right()</>
		<Key code= 40>Down()</>
	</keys>
	
	<list name="Networks">
		<pos x=10 y=100 />
		<size width=250 height=400 />
		
		<itemTemplate>
			<height>40</height>
			<gap>5</gap>
			<font height=30 weight=700 color="#FFFFFF" />
			<align horizontal="left"/>
			<background>
				<image>BrownButton</image>
				<highlightImage>GreenButton</highlightImage>
			</background>
		</itemTemplate>
		
		<itemList>
			<source>TVChannels.Networks</source>
			<text>  $(TVChannels.Networks.name)</text>
			<onSelect>SetChannel($(TVChannels.Networks.transportStreamId)) ExitMenu()</onSelect>
			<onRight>ShowMenu("ServiceList($(TVChannels.Networks.transportStreamId))")</onRight>
		</itemList>
	</list>
</window>

<window name="ServiceList">
	<keys>
		<Key code= 13>Select()</>
		<Key code= 37>Left()</>
		<Key code= 38>Up()</>
		<Key code= 39>Right()</>
		<Key code= 40>Down()</>
	</keys>
	
	<list name="Services">
		<pos x=270 y=100 />
		<size width=250 height=400 />
		
		<itemTemplate>
			<height>40</height>
			<gap>5</gap>
			<font height=30 weight=700 color="#FFFFFF" />
			<align horizontal="left"/>
			<background>
				<image>BrownButton</image>
				<highlightImage>GreenButton</highlightImage>
			</background>
		</itemTemplate>
		
		<itemList>
			<source>TVChannels.Services.$(window.ServiceList[0])</source>
		<!--<text>  $(TVChannels.Services.ServiceId). $(TVChannels.Services.Name)</text>-->
			<text>  $(TVChannels.Services.$(window.ServiceList[0]).LogicalChannelNumber). $(TVChannels.Services.$(window.ServiceList[0]).Name)</text>
			<onSelect>SetChannel($(window.ServiceList[0]), $(TVChannels.Services.$(window.ServiceList[0]).ServiceId)) ExitMenu(2)</onSelect>
			<onLeft>ExitMenu()</onLeft>
		</itemList>
	</list>
</window>

<window name="Messages">
	<listbox>
		<pos x=10 y=10 />
		<size width=500 height=500 />
		
		<itemList>#messages</itemList>
		
		<textColor>#FFFFFF</textColor>
		<backColor>#505050</backColor>
	</listbox>
</window>

<window name="MessageBox">
	<button>
		<pos x=100 y=100 />
		<background color=#1109B3" />
		<border color="#A1A1A1" width=5 />
		<text color="#FFFFFF">#MessageBox</text>
	</button>
</window>

<window name="StreamList">
	<keys>
		<Key code= 13>Select()</>
		<Key code= 37>Left()</>
		<Key code= 38>Up()</>
		<Key code= 39>Right()</>
		<Key code= 40>Down()</>
	</keys>
	
	<list name="Stream">
		<pos x=100 y=100 />
		<size width=568 height=426 />
		
		<itemTemplate>
			<height>40</height>
			<gap>5</gap>
			<font height=30 weight=700 color="#FFFFFF" />
			<align horizontal="left"/>
			<background>
				<image>BrownButton</image>
				<highlightImage>GreenButton</highlightImage>
			</background>
		</itemTemplate>
		
		<itemList>
			<source>StreamInfo</source>
			<text> $(StreamInfo.Name)</text>
			<onSelect>SetStream($(StreamInfo.index)) ExitMenu()</onSelect>
			<onLeft>ExitMenu()</onLeft>
			<onRight>SetStream($(StreamInfo.index)) ExitMenu(-1) GetStreamList() ShowMenu("StreamList")</onRight>
		</itemList>
	</list>
</window>

<window name="FilterList">
	<keys>
		<Key code= 13>Select()</>
		<Key code= 37>Left()</>
		<Key code= 38>Up()</>
		<Key code= 39>Right()</>
		<Key code= 40>Down()</>
	</keys>
	
	<list name="Filter">
		<pos x=100 y=100 />
		<size width=568 height=426 />
		
		<itemTemplate>
			<height>40</height>
			<gap>5</gap>
			<font height=30 weight=700 color="#FFFFFF" />
			<align horizontal="left"/>
			<background>
				<image>BrownButton</image>
				<highlightImage>GreenButton</highlightImage>
			</background>
		</itemTemplate>
		
		<itemList>
			<source>FilterInfo</source>
			<text> $(FilterInfo.Name) - $(FilterInfo.flags) Pages</text>
			<onSelect>ShowFilter($(FilterInfo.Name)) ExitMenu(-1) GetFilterList() ShowMenu("FilterList")</onSelect>
			<onLeft>ExitMenu()</onLeft>
		</itemList>
	</list>
</window>

<window name="TSFilterList">
	<keys>
		<Key code= 13>Select()</>
		<Key code= 37>Left()</>
		<Key code= 38>Up()</>
		<Key code= 39>Right()</>
		<Key code= 40>Down()</>
	</keys>
	
	<list name="TSFilter">
		<pos x=100 y=100 />
		<size width=568 height=426 />
		
		<itemTemplate>
			<height>40</height>
			<gap>5</gap>
			<font height=30 weight=700 color="#FFFFFF" />
			<align horizontal="left"/>
			<background>
				<image>BrownButton</image>
				<highlightImage>GreenButton</highlightImage>
			</background>
		</itemTemplate>
		
		<itemList>
			<source>FilterTSInfo</source>
			<text> $(FilterTSInfo.Name) - $(FilterTSInfo.flags) Pages</text>
			<onSelect>ShowTSFilter($(FilterTSInfo.Name)) ExitMenu(-1) GetTSFilterList() ShowMenu("TSFilterList")</onSelect>
			<onLeft>ExitMenu()</onLeft>
		</itemList>
	</list>
</window>

<!--
Event(ShowAll)
  DrawBitmap("images\background.bmp",  0, 94, -1, -1, 100, 6)
  DrawBitmap("images\background.bmp",  0, 94, -1, -1, 100, 6)
  DrawText("$(NetworkNumber) - $(ProgramNumber)",  2, 97, -1,  0, -1, -1, 4, 0x0000FF00, Arial)
  DrawText("$(ProgramName)",  94.5,  97, 1,  0, -1, -1, 4, 0x0000FF00, Arial)
  DrawText("$(NaNProgram[0])", 50, 97, 0,  0, -1, -1, 4, 0x0000FFFF, Arial)
  DrawBitmap("images\network$(NetworkNumber).bmp", 95, 94, -1, -1, 5, 6)
  DrawText("$(VideoDecoder)" , 50,  7,  0, -1, -1, -1, 3, 0x0000FF00, Arial)
  DrawText("$(AudioDecoder)" , 50, 10,  0, -1, -1, -1, 3, 0x0000FF00, Arial)
  DrawText("$(Resolution)"  , 50, 13,  0, -1, -1, -1, 3, 0x0000FF00, Arial)
  DrawText("Zoom - $(Zoom)%", 2,  4, -1, -1, -1, -1, 4, 0x0000FF00, Arial)
  DrawText("ZoomMode $(ZoomMode)", 2,  7, -1, -1, -1, -1, 4, 0x0000FF00, Arial)
  DrawText("$(AlwaysOnTop)", 2, 10, -1, -1, -1, -1, 4, 0x0000FF00, Arial)
  DrawText("$(Fullscreen)", 2,  13, -1, -1, -1, -1, 4, 0x0000FF00, Arial)
  DrawText("Volume - $(Volume)%", 50, 94,  0,  1, -1, -1, 5, 0x000080F0, Arial)
  DrawText("$(Mute)", 98, 2,  1, -1, -1, -1, 5, 0x000040FF, Arial)
  DrawText("Brightness - $(Brightness)\nContrast - $(Contrast)\nHue - $(Hue)\nSaturation - $(Saturation)\nGamma - $(Gamma)", 2, 50, -1, -1, -1, -1, 4, 0x0000FFFF, Arial)
  DrawText("$(Recording) $(RecordingTimeLeft)",  2, 94, -1,  1, -1, -1, 4, 0x00606060, Arial)
    Transparent(0)

Event(Channel)
  Duration(10)
  DrawBitmap("images\background.bmp",  0, 94, -1, -1, 100, 6)
  DrawText("$(NetworkNumber) - $(ProgramNumber)",  2, 97, -1,  0, -1, -1, 4, 0x0000FF00, Arial)
  DrawText("$(ProgramName)",  94.5,  97, 1,  0, -1, -1, 4, 0x0000FF00, Arial)
  DrawText("$(NaNProgram[0])", 50, 97, 0,  0, -1, -1, 4, 0x0000FFFF, Arial)
  DrawBitmap("images\network$(NetworkNumber).bmp", 95, 94, -1, -1, 5, 6)

Event(Recording)
  DrawText("$(Recording) $(RecordingTimeLeft)",  2, 94, -1,  1, -1, -1, 4, 0x00606060, Arial)
    Transparent(0)

Event(RecordingStopped)
  DrawText("$(RecordingStopped)",  2, 94, -1,  1, -1, -1, 4, 0x00606060, Arial)

Event(RecordingPaused)
  DrawText("$(RecordingPaused)",   2, 90, -1,  1, -1, -1, 4, 0x00606060, Arial)

Event(RecordingUnpaused)
  DrawText("$(RecordingUnpaused)", 2, 90, -1,  1, -1, -1, 4, 0x00606060, Arial)

Event(VideoDecoder)
  DrawText("$(VideoDecoder)", 50,  7,  0, -1, -1, -1, 3, 0x0000FF00, Arial)

Event(AudioDecoder)
  DrawText("$(AudioDecoder)", 50, 10,  0, -1, -1, -1, 3, 0x0000FF00, Arial)

Event(Resolution)
  DrawText("$(Resolution)", 50, 13,  0, -1, -1, -1, 3, 0x0000FF00, Arial)

Event(Zoom)
  DrawText("Zoom - $(Zoom)%", 2,  4, -1, -1, -1, -1, 4, 0x0000FF00, Arial)

Event(ZoomIn)
  DrawText("Zoom - $(Zoom)%", 2,  4, -1, -1, -1, -1, 4, 0x0000FF00, Arial)

Event(ZoomOut)
  DrawText("Zoom - $(Zoom)%", 2,  4, -1, -1, -1, -1, 4, 0x0000FF00, Arial)

Event(ZoomMode)
  DrawText("ZoomMode $(ZoomMode)", 2,  7, -1, -1, -1, -1, 4, 0x0000FF00, Arial)

Event(AlwaysOnTop)
  DrawText("$(AlwaysOnTop)", 2, 10, -1, -1, -1, -1, 4, 0x0000FF00, Arial)

Event(Fullscreen)
  #DrawText("$(Fullscreen)", 2,  13, -1, -1, -1, -1, 4, 0x0000FF00, Arial)

Event(Volume)
  DrawText("Volume - $(Volume)%", 50, 94,  0,  1, -1, -1, 5, 0x000080F0, Arial)

Event(Mute)
  DrawText("$(Mute)", 98, 2,  1, -1, -1, -1, 5, 0x000040FF, Arial)

Event(TimeShift)
  DrawText("$(TimeShift)", 50, 94,  0,  1, -1, -1, 4, 0x0000FF00, Arial)

Event(TimeShiftJump)
  DrawText("Jump $(TimeShiftJumpSeconds) Seconds $(TimeShiftJumpDirection)", 50, 94,  0,  1, -1, -1, 4, 0x0000FF00, Arial)

Event(ColorControls)
  DrawText("Brightness - $(Brightness)\nContrast - $(Contrast)\nHue - $(Hue)\nSaturation - $(Saturation)\nGamma - $(Gamma)", 2, 50, -1, -1, -1, -1, 4, 0x0000FFFF, Arial)

Event(KeyPress)
  DrawText("KeyCode - $(KeyShift) $(KeyCtrl) $(KeyAlt) $(KeyCode)", 50, 50,  0,  0, -1, -1, 7, 0x0000FF00, Arial)



Event(ShowTime)
  DrawText("$(Hour24)-$(Minute)-$(Second)$(ap)", 99, 1,  1, -1, -1, -1, 4, 0x0000FF00, Arial)
    Transparent(0)

Event(ShowChannelInfo)
  DrawText("Video - $(VideoPid)\nAudio - $(AudioPid)", 50,  2,  0, -1, -1, -1, 3, 0x0000FF00, Arial)

Event(ShowSignal)
  DrawText("Quality - $(SignalQuality)  Strength - $(SignalStrength)", 50, 98,  0,  1, -1, -1, 3, 0x0000FF00, Arial)

Event(ShowNowAndNext)
  DrawText("$(NowAndNext)",  2, 10, -1, -1, 60, 80, 4, 0x00FFFFFF, Arial)
-->
