<!-- DigitalWatch TSFileSource Keys -->

  <Key code= 13>				ShowMenu("NetworkList")</>				

  <!-- F2 and Preview button on VP remote -->
  <Key code=113>				ExitMenu(-1) ShowMenu("TVMenu")</>
  <Key code=114>				ShowMenu("NetworkList")</>
  <Key code=115>				GetStreamList() ShowMenu("StreamList")</>
  <Key code='U'>				GetStreamList() ShowMenu("StreamList")</>
  <Key code='F'>				GetFilterList() ShowMenu("FilterList")</>
  <Key code='K'>				ExitMenu(-1) ShowMenu("TVMenu")</>
  <Key code='Q'>				MinimiseDisplay()</>
 
  <!-- keyboard numbers -->
  <Key code='0'>				SeekTo(100)</>
  <Key code='1'>				SeekTo(10)</>
  <Key code='2'>				SeekTo(20)</>
  <Key code='3'>				SeekTo(30)</>
  <Key code='4'>				SeekTo(40)</>
  <Key code='5'>				SeekTo(50)</>
  <Key code='6'>				SeekTo(60)</>
  <Key code='7'>				SeekTo(70)</>
  <Key code='8'>				SeekTo(80)</>
  <Key code='9'>				SeekTo(90)</>

  <!-- keypad numbers -->
  <Key code= 96>				SeekTo(100)</>
  <Key code= 97>				SeekTo(10)</>
  <Key code= 98>				SeekTo(20)</>
  <Key code= 99>				SeekTo(30)</>
  <Key code=100>				SeekTo(40)</>
  <Key code=101>				SeekTo(50)</>
  <Key code=102>				SeekTo(60)</>
  <Key code=103>				SeekTo(70)</>
  <Key code=104>				SeekTo(80)</>
  <Key code=105>				SeekTo(90)</>

  <!-- numpad + and - -->
  <!--
  <Key code=107>				NetworkUp()</>
  <Key code=109>				NetworkDown()</>
  -->
  <Key code=107>				ProgramUp()</>
  <Key code=109>				ProgramDown()</>

  <!-- Page-Up and Page-Down -->
  <Key code= 33>				Seek(300)</>
  <Key code= 34>				Seek(-300)</>

  <!-- Left Rigth Up and Down -->
  <Key code= 37>				Seek(-5)</>
  <Key code= 39>				Seek(5)</>
  <Key code= 38>				Seek(30)</>
  <Key code= 40>				Seek(-30)</>

  <!-- Home and End. -->
  <Key code= 36>				SeekTo(0)</>
  <Key code= 35>				SeekTo(100)</>

  <!-- space -->
  <Key code= 32>				PlayPause()</>
  <Key code= 'T'>				PlayPause()</>

<!-- comma and period 5 seconds jump -->
  <Key code=190>				Seek(5)</>
  <Key code=188>				Seek(-5)</>
  <!-- comma and period with alt 20 second jump -->
  <Key code=190 alt>			Seek(20)</>
  <Key code=188 alt>			Seek(-20)</>
  <!-- comma and period with ctrl 60 second jump -->
  <Key code=190 ctrl>			Seek(60)</>
  <Key code=188 ctrl>			Seek(-60)</>

  <!-- Forward and Rewind on VP remote -->
  <Key code='N'>				Seek(20)</>
  <Key code='I'>				Seek(-20)</>

  <Key code='A'>				ToggleOSDItem("Position")</>

<!-- Mouse settings -->

  <!-- left double click -->

  <!-- Right click -->
  <!--Mouse code=3-->	

  <!-- scroll up -->
  <Mouse code=5>				Seek(5)</>

  <!-- scroll down -->
  <Mouse code=6>				Seek(-5)</>

