<!-- DigitalWatch BDA Source Keys -->

  <Key code= 13>				ShowMenu("NetworkList")</>

  <!-- F2 and Preview button on VP remote -->
  <Key code=113>				ShowMenu("TVMenu")</>
  <Key code='K'>				ShowMenu("TVMenu")</>

  <!-- keyboard numbers -->
  <Key code='0'>				SetChannel(10)</>
  <Key code='1'>				SetChannel(1)</>
  <Key code='2'>				SetChannel(2)</>
  <Key code='3'>				SetChannel(3)</>
  <Key code='4'>				SetChannel(4)</>
  <Key code='5'>				SetChannel(5)</>
  <Key code='6'>				SetChannel(6)</>
  <Key code='7'>				SetChannel(7)</>
  <Key code='8'>				SetChannel(8)</>
  <Key code='9'>				SetChannel(9)</>

  <!-- keypad numbers -->
  <Key code= 96>				SetChannel(10)</>
  <Key code= 97>				SetChannel(1)</>
  <Key code= 98>				SetChannel(2)</>
  <Key code= 99>				SetChannel(3)</>
  <Key code=100>				SetChannel(4)</>
  <Key code=101>				SetChannel(5)</>
  <Key code=102>				SetChannel(6)</>
  <Key code=103>				SetChannel(7)</>
  <Key code=104>				SetChannel(8)</>
  <Key code=105>				SetChannel(9)</>

  <!-- numpad + and - -->
  <Key code=107>				NetworkUp()</>
  <Key code=109>				NetworkDown()</>

  <!-- Page-Up and Page-Down -->
  <Key code= 33>				NetworkUp()</>
  <Key code= 34>				NetworkDown()</>

  <!-- recall on VP remote -->
  <Key code='C'>				LastChannel()</>
  <Key code='L'>				LastChannel()</>

  <!-- Home and End. Rec and Stop on VP remote -->
  <Key code= 36>				RecordingTimer(10)</>
  <Key code= 35>				Recording(0)</>
  <Key code='R'>				Recording(2)</>
  <Key code='R' shift>			RecordingPause(2)</>

  <!-- space -->
  <Key code= 32>				TimeShift(2)</>
  <!-- comma and period 5 seconds jump -->
  <Key code=190>				TimeShiftJump(5)</>
  <Key code=188>				TimeShiftJump(-5)</>
  <!-- comma and period with alt 20 second jump -->
  <Key code=190 alt>			TimeShiftJump(20)</>
  <Key code=188 alt>			TimeShiftJump(-20)</>
  <!-- comma and period with ctrl 60 second jump -->
  <Key code=190 ctrl>			TimeShiftJump(60)</>
  <Key code=188 ctrl>			TimeShiftJump(-60)</>

  <!-- Time Shift / Pause on VP remote -->
  <Key code='T'>				TimeShift(2)</>
  <!-- Forward and Rewind on VP remote -->
  <Key code='N'>				TimeShiftJump(20)</>
  <Key code='I'>				TimeShiftJump(-20)</>

  <Key code='A'>				ToggleOSDItem("Channel")</>

  <Key code='P' shift>			ShowChannelInfo()</>
  <Key code='Q'>				ShowOSDItem("Signal")</>
  <Key code='E'>				ShowOSDItem("NowAndNext")</>

  <Key code='1' shift>			SetColorControls(  350, 10000, 0, 10000, 1)</>
  <Key code='2' shift>			SetColorControls(  450, 10000, 0, 10000, 1)</>
  <Key code='3' shift>			SetColorControls(  550, 10000, 0, 10000, 1)</>
  <Key code='4' shift>			SetColorControls(  650, 10000, 0, 10000, 1)</>
  <Key code='5' shift>			SetColorControls(  750, 10000, 0, 10000, 1)</>
  <Key code='6' shift>			SetColorControls( 1500, 10000, 0, 10000, 1)</>
  <Key code='7' shift>			SetColorControls( 2500, 10000, 0, 10000, 1)</>
  <Key code='8' shift>			SetColorControls( 5000, 10000, 0, 10000, 1)</>
  <Key code='9' shift>			SetColorControls(10000, 10000, 0, 10000, 1)</>

  <Key code='X'>				Exit()</>
  <Key code=117 shift ctrl alt>	Exit()</>


<!-- Mouse settings -->

  <!-- left double click -->

  <!-- right click -->
  <Mouse code=3>ShowNAN(2)</>

  <!-- middle click -->
  <Mouse code=4>ShowOSD(2)</>

  <!-- scroll up -->
  <Mouse code=5>NetworkUp()</>

  <!-- scroll down -->
  <Mouse code=6>NetworkDown()</>

